"manzana","ed1","ed2","ed3","ed4","ed5","ed6","ed7","ed8","ed9","ed10","ed11","ed12","ed13","ed14","ed15"
"7600110000000002220414",0,0,0,0,1,1,0,0,0,2,1,1,0,2,0
"7600110000000002220412",0,0,0,0,0,1,0,0,2,2,1,0,2,2,0
"7600110000000002090414",0,0,0,0,0,1,0,1,1,0,0,0,0,0,0
"7600110000000002170337",3,2,1,1,2,2,1,0,3,2,4,7,1,3,1
"7600110000000002080105",0,0,0,0,0,0,0,0,0,0,0,0,0,1,0
"7600110000000002200305",0,0,0,1,1,3,0,0,4,0,2,1,0,2,2
"7600110000000002040116",0,0,0,1,2,0,0,0,1,2,2,4,2,2,6
"7600110000000002210103",1,1,1,0,2,0,0,1,0,0,0,2,2,1,1
"7600110000000002130301",0,0,2,0,0,0,1,0,3,0,1,0,0,2,0
"7600110000000002120214",0,0,0,1,1,1,0,0,1,0,0,0,1,1,0
"7600110000000002220302",2,0,0,1,3,0,0,0,2,3,0,1,0,0,1
"7600110000000002090216",0,1,1,0,0,1,0,1,0,1,0,1,1,0,1
"7600110000000002180110",0,0,0,0,0,0,0,0,0,0,0,0,0,0,0
"7600110000000002120511",1,2,1,0,2,0,1,1,0,1,0,0,1,2,1
"7600110000000002200311",1,0,0,0,0,0,1,0,0,0,0,1,0,0,1
"7600110000000002200306",0,0,0,0,0,0,0,1,0,0,0,0,0,0,1
"7600110000000002090104",0,0,0,0,0,0,0,0,0,0,0,0,0,0,0
"7600110000000002120210",0,0,0,2,0,0,0,1,0,0,0,0,0,0,0
"7600110000000002200104",4,2,0,5,4,2,2,7,3,6,4,9,2,8,3
"7600110000000002120118",2,2,1,0,4,1,2,2,0,1,0,0,0,1,0
"7600110000000002090310",0,0,0,0,0,0,0,2,0,1,0,1,0,0,1
"7600110000000002130119",1,0,0,0,0,0,0,0,1,1,0,0,0,0,0
"7600110000000002060301",1,0,0,0,0,3,1,1,1,0,1,1,0,1,1
"7600110000000002120212",0,0,0,0,0,0,0,0,0,0,0,0,0,1,0
"7600110000000002200103",8,13,14,17,23,20,11,8,18,11,12,24,8,13,12
"7600110000000002030143",0,0,0,0,0,0,0,0,0,0,0,0,0,0,0
"7600110000000002170314",3,4,4,2,4,7,3,5,7,1,2,6,1,3,7
"7600110000000002220217",2,1,0,2,0,2,0,0,0,0,1,1,1,1,1
"7600110000000002050109",0,0,0,0,0,0,1,0,0,0,0,0,1,0,0
"7600110000000002170217",0,1,0,0,0,2,2,0,0,0,2,0,0,0,0
"7600110000000002190109",3,4,1,5,4,3,2,3,7,7,3,7,4,5,1
"7600110000000002140109",0,0,0,1,1,2,0,1,1,4,1,0,2,2,1
"7600110000000002040126",0,0,0,0,1,0,2,0,3,0,4,1,0,0,0
"7600110000000002080101",0,0,0,0,1,0,0,0,0,0,0,0,0,2,0
"7600110000000002070114",0,0,0,0,0,0,0,0,0,0,0,0,0,0,0
"7600110000000002100104",0,0,0,0,0,1,1,0,0,1,0,0,1,0,0
"7600110000000002230205",5,8,2,6,6,8,5,5,2,3,2,5,2,3,5
"7600110000000002130304",0,0,0,0,0,0,0,0,1,0,0,0,1,0,1
"7600110000000002230304",2,3,0,0,2,0,0,2,2,1,1,0,1,1,0
"7600110000000002080215",0,0,0,0,0,0,0,0,0,0,0,0,0,0,1
"7600110000000002010217",5,3,3,0,2,0,3,0,6,2,2,1,1,1,3
"7600110000000002230316",0,0,0,1,1,4,1,3,1,5,0,2,2,2,1
"7600110000000002060116",0,0,0,0,0,1,0,1,0,1,1,3,0,1,0
"7600110000000002130202",0,0,0,0,0,0,0,0,0,0,0,1,0,0,0
"7600110000000002060105",0,0,0,0,0,0,0,1,0,0,0,0,0,0,0
"7600110000000002060102",1,1,1,0,1,0,1,0,0,0,3,0,1,0,1
"7600110000000002120519",1,0,0,0,0,1,1,0,0,0,0,0,0,0,1
"7600110000000002220435",12,13,5,8,10,18,13,9,9,13,15,11,19,12,10
"7600110000000002190112",8,10,5,14,4,12,14,6,10,14,8,10,11,7,7
"7600110000000002230322",0,0,3,0,1,2,0,0,0,1,1,0,1,1,0
"7600110000000002050102",2,2,0,0,1,0,0,1,2,1,3,1,1,1,1
"7600110000000002060209",0,0,0,1,0,0,0,1,1,0,0,1,0,0,1
"7600110000000002060205",0,0,0,0,0,0,0,0,0,0,0,0,0,0,0
"7600110000000002130214",0,0,0,0,1,0,2,0,1,1,2,1,0,1,0
"7600110000000002150111",1,2,0,2,0,0,2,2,1,0,5,0,2,1,2
"7600110000000002200220",3,1,7,3,2,1,3,2,3,1,1,4,5,3,2
"7600110000000002230218",2,2,4,0,3,5,1,0,1,1,1,1,6,0,0
"7600110000000002070119",1,0,0,1,0,0,0,0,0,1,0,0,0,0,0
"7600110000000002130207",0,0,0,0,0,0,0,0,0,0,0,0,0,0,1
"7600110000000002040111",0,0,0,0,0,0,1,0,0,0,0,0,0,0,0
"7600110000000002220204",2,4,1,1,0,2,3,0,1,3,1,0,0,2,1
"7600110000000002230328",0,0,2,1,2,1,2,0,0,2,0,0,0,0,1
"7600110000000002120515",1,0,2,0,0,1,0,1,0,1,1,1,0,0,0
"7600110000000002210218",0,0,0,0,0,0,0,0,0,0,0,0,0,0,0
"7600110000000003050102",0,0,0,0,0,0,0,0,0,0,0,0,0,0,0
"7600110000000002170216",0,1,0,0,0,0,0,0,0,1,0,0,1,3,0
"7600110000000002110412",0,0,0,1,0,0,1,1,0,0,0,2,0,1,1
"7600110000000002110411",0,2,0,2,0,1,1,2,0,0,1,0,0,0,0
"7600110000000002170355",0,3,1,1,1,2,2,1,2,2,1,4,3,0,1
"7600110000000002170420",0,4,0,1,0,1,1,1,0,0,1,1,0,0,0
"7600110000000002120206",1,2,0,0,2,0,1,0,1,0,2,1,2,1,4
"7600110000000002120419",0,0,0,0,0,0,0,0,0,0,0,0,0,0,0
"7600110000000002230114",1,0,0,0,1,1,0,1,2,1,0,4,2,1,2
"7600110000000002070113",0,0,0,0,0,0,0,0,0,0,0,0,0,0,0
"7600110000000002090207",1,0,1,0,0,0,0,1,1,0,0,0,0,2,0
"7600110000000002210101",0,0,0,1,0,2,3,0,0,1,1,0,0,2,1
"7600110000000002230212",0,1,0,1,2,0,0,1,0,0,2,1,1,0,1
"7600110000000002080214",0,0,1,0,0,0,0,0,0,0,0,0,0,0,0
"7600110000000002110102",2,7,4,1,1,0,3,2,4,3,2,2,2,2,3
"7600110000000002230116",1,0,0,0,1,0,0,1,0,0,0,0,0,0,0
"7600110000000002130402",2,1,2,1,2,1,0,1,1,2,0,1,3,2,1
"7600110000000002130319",0,2,2,1,0,0,0,1,1,0,0,0,1,0,1
"7600110000000002150106",0,0,0,1,0,0,0,0,0,0,0,0,1,1,2
"7600110000000002110305",2,2,3,6,0,2,0,3,1,4,1,2,1,0,3
"7600110000000003050110",0,0,0,1,0,0,0,0,0,0,0,0,0,0,0
"7600110000000002150116",0,1,0,0,2,1,1,1,0,0,0,0,1,1,1
"7600110000000002110107",6,5,11,7,2,8,6,10,5,8,5,8,7,4,4
"7600110000000002230312",2,2,1,3,3,2,2,1,1,6,0,0,1,3,2
"7600110000000002140104",1,0,0,0,2,2,0,0,1,1,0,0,0,0,1
"7600110000000002220208",1,0,1,0,0,0,0,2,0,2,0,2,3,0,0
"7600110000000002220211",1,2,1,1,0,0,1,1,2,1,0,1,0,2,0
"7600110000000002150108",0,0,0,0,0,0,0,1,0,0,0,0,2,0,0
"7600110000000002040211",0,1,3,3,1,1,2,1,0,1,1,2,2,1,2
"7600110000000002120407",0,1,0,1,0,0,1,1,0,1,1,0,0,0,0
"7600110000000002170356",2,1,1,2,1,1,2,0,2,2,0,1,3,0,4
"7600110000000002080110",0,0,0,0,0,0,0,1,0,1,0,0,0,0,0
"7600110000000002110304",7,4,6,6,5,8,7,1,5,3,8,6,9,6,4
"7600110000000002130104",0,0,0,1,0,0,0,0,0,0,0,0,0,0,0
"7600110000000002230321",0,1,0,1,0,1,2,2,1,3,0,1,2,0,2
"7600110000000002150103",2,1,0,2,0,0,0,0,0,2,1,1,1,0,1
"7600110000000002130116",0,0,0,1,0,0,0,0,1,0,1,1,0,1,0
"7600110000000002090309",0,0,0,0,0,0,0,0,0,0,0,0,1,0,0
"7600110000000002090308",0,2,0,0,0,0,1,0,0,0,0,0,0,0,0
"7600110000000002130318",0,0,3,0,3,3,2,1,2,5,3,2,3,0,5
"7600110000000002170108",1,0,0,0,0,0,0,0,0,0,0,0,1,0,1
"7600110000000002230315",4,5,2,4,4,6,3,2,2,3,2,3,2,1,3
"7600110000000002210220",2,0,0,1,0,0,0,0,0,0,0,1,1,0,0
"7600110000000002220313",1,0,0,0,0,0,0,0,0,0,0,0,0,1,1
"7600110000000002130407",0,0,0,0,0,0,0,0,0,0,0,1,0,1,0
"7600110000000002200307",0,2,0,2,1,0,1,2,1,0,1,3,3,0,2
"7600110000000002110302",0,0,0,1,0,0,0,0,0,0,0,0,0,0,1
"7600110000000002170336",3,6,3,5,4,3,5,2,3,1,4,1,1,1,3
"7600110000000003050117",1,2,0,1,0,0,0,2,0,2,0,0,0,0,1
"7600110000000003050101",3,2,0,0,0,3,1,0,1,2,0,0,0,0,0
"7600110000000002130115",0,1,0,0,1,0,0,0,2,0,0,0,0,0,0
"7600110000000002130205",1,0,0,0,0,0,1,0,0,1,0,0,0,1,1
"7600110000000002030141",2,2,0,1,2,0,4,4,1,0,2,1,4,2,3
"7600110000000002060111",1,0,0,0,0,0,0,0,1,0,0,0,0,0,1
"7600110000000002060113",0,0,0,0,0,0,0,0,0,0,0,0,0,0,0
"7600110000000002210116",0,0,0,0,2,0,0,0,1,0,0,0,1,3,2
"7600110000000002200124",0,0,0,0,0,0,0,0,0,0,0,0,0,0,0
"7600110000000002230308",3,2,1,0,1,1,1,2,3,1,2,2,1,3,0
"7600110000000002180107",1,8,1,4,2,3,4,2,1,1,4,2,1,3,4
"7600110000000002090114",0,0,0,0,0,0,0,0,0,0,0,1,0,0,1
"7600110000000002110211",0,1,0,0,0,0,0,0,1,0,0,0,0,0,1
"7600110000000002120107",0,0,0,1,0,0,0,1,0,0,0,0,0,0,0
"7600110000000002170417",0,0,0,0,0,0,0,0,0,0,0,0,0,1,0
"7600110000000002210215",2,0,0,0,0,0,2,0,0,0,0,0,0,0,0
"7600110000000003060115",0,0,0,0,0,1,0,0,0,1,0,0,0,0,0
"7600110000000002110301",0,0,0,0,0,0,0,0,0,0,0,0,0,0,0
"7600110000000002170403",0,0,2,1,0,4,1,1,1,1,2,4,0,2,0
"7600110000000002070115",0,0,0,0,0,0,0,0,2,0,0,0,0,0,1
"7600110000000002130317",1,0,0,0,0,1,1,0,0,0,0,0,0,0,1
"7600110000000002210214",0,0,1,0,0,0,2,0,2,0,0,0,1,1,0
"7600110000000002230224",0,3,2,2,1,2,0,1,3,3,1,1,1,1,1
"7600110000000003050118",0,1,0,0,0,0,1,0,0,2,0,0,1,1,0
"7600110000000002040132",0,1,1,1,3,1,3,0,3,1,2,0,1,1,1
"7600110000000002120512",2,2,0,2,1,2,1,1,0,0,0,0,1,2,2
"7600110000000002090212",0,1,1,0,0,0,0,2,0,0,0,0,0,0,0
"7600110000000002220420",9,10,11,5,7,6,7,9,3,13,12,11,7,10,10
"7600110000000002110214",1,0,1,0,1,0,0,1,0,1,1,1,1,1,0
"7600110000000002010313",1,2,0,1,2,1,0,0,1,2,3,4,1,1,1
"7600110000000002110217",1,0,0,1,1,0,0,0,0,0,0,1,1,0,1
"7600110000000002010228",0,0,0,0,0,0,1,0,0,0,1,2,0,1,1
"7600110000000002060112",0,0,1,0,0,0,0,0,1,0,0,0,0,0,0
"7600110000000002120405",0,0,1,0,0,0,0,3,0,2,2,0,1,0,2
"7600110000000002210207",1,1,0,0,0,0,0,2,0,0,1,0,1,0,0
"7600110000000002110212",0,1,0,0,0,0,0,0,0,0,0,0,0,0,1
"7600110000000002110213",0,0,0,0,0,0,0,0,0,0,0,0,1,0,0
"7600110000000002130112",0,1,0,0,1,1,0,0,2,2,2,0,3,1,2
"7600110000000002230209",4,11,8,13,13,2,12,8,11,13,9,12,11,10,21
"7600110000000002080407",0,0,0,0,0,0,0,0,1,0,1,0,0,0,0
"7600110000000002130216",0,1,1,1,0,0,0,0,0,1,0,1,1,1,1
"7600110000000002230102",0,0,0,1,0,0,0,0,0,1,0,0,0,3,0
"7600110000000002010108",2,1,1,1,0,0,1,0,0,1,0,1,2,0,3
"7600110000000002060225",0,0,2,1,1,2,1,1,0,0,1,0,1,2,0
"7600110000000002110313",0,1,0,1,0,0,0,2,0,1,2,0,0,0,1
"7600110000000002230115",0,1,1,2,1,2,1,0,1,1,0,0,0,0,1
"7600110000000003050119",0,0,1,0,1,0,0,0,0,0,0,0,0,0,2
"7600110000000002220413",0,0,0,1,0,1,0,0,1,0,4,0,2,1,1
"7600110000000002130212",1,1,0,0,0,0,1,1,1,1,0,1,0,0,1
"7600110000000002060310",0,0,2,1,0,0,0,0,0,1,0,0,0,0,2
"7600110000000002120505",0,0,0,0,0,1,2,0,0,0,0,0,0,0,0
"7600110000000002230226",1,0,0,3,0,2,0,0,1,1,0,2,1,2,0
"7600110000000002080103",0,0,0,0,0,0,0,0,0,0,1,0,0,0,0
"7600110000000002230202",0,0,0,0,0,0,0,0,0,1,0,0,1,0,0
"7600110000000002040142",2,0,1,1,0,1,2,1,1,1,4,1,3,1,1
"7600110000000002010315",0,3,0,0,0,0,0,1,0,0,3,0,1,0,0
"7600110000000002070101",0,0,0,0,1,0,0,0,0,0,0,0,0,0,0
"7600110000000002220309",1,1,2,2,0,0,1,4,0,4,1,1,0,2,2
"7600110000000002170203",2,2,0,0,0,1,0,1,1,2,0,0,1,1,1
"7600110000000002210225",0,2,1,0,1,2,0,0,0,0,0,0,1,1,0
"7600110000000002120116",0,0,0,0,0,1,0,0,1,0,0,1,0,0,0
"7600110000000002170404",2,1,1,0,2,0,1,0,0,2,0,0,3,0,0
"7600110000000002060119",1,1,0,1,0,1,1,1,0,1,1,2,1,0,2
"7600110000000002170316",6,4,4,3,7,2,6,2,9,3,6,6,4,6,6
"7600110000000002120305",0,1,1,0,0,0,0,0,1,0,2,0,0,1,0
"7600110000000002170370",0,0,0,0,0,0,1,0,0,0,0,0,1,1,0
"7600110000000002060307",0,0,0,0,0,1,0,0,0,0,0,0,0,1,0
"7600110000000002200308",0,1,0,0,0,0,0,0,1,1,0,0,0,0,2
"7600110000000002010225",0,1,2,4,2,2,2,2,2,3,0,1,1,1,1
"7600110000000002080424",0,0,0,0,0,0,0,0,0,1,0,1,0,2,0
"7600110000000002010101",0,1,0,0,1,0,0,1,0,0,0,0,0,0,0
"7600110000000002060118",0,0,0,0,0,0,0,1,1,1,1,2,1,0,0
"7600110000000002230323",1,0,2,2,1,2,0,1,2,2,1,1,2,0,0
"7600110000000002080410",0,0,0,0,0,0,0,0,0,0,0,1,0,0,0
"7600110000000002030108",0,0,0,0,1,0,1,1,2,3,1,0,3,0,2
"7600110000000002020104",0,0,2,0,0,1,0,0,0,1,1,0,1,0,1
"7600110000000002120120",0,0,0,2,0,0,0,1,0,0,0,1,0,0,0
"7600110000000002220202",0,0,0,0,0,0,0,1,0,1,1,0,0,0,0
"7600110000000002070106",0,0,0,0,0,0,0,0,0,2,0,0,1,1,0
"7600110000000002060208",0,0,0,0,0,0,0,0,0,0,0,0,0,1,0
"7600110000000002230215",0,2,1,0,1,1,0,2,1,0,2,0,3,4,1
"7600110000000002090215",0,0,0,0,1,0,0,0,1,0,0,0,0,1,0
"7600110000000002120306",0,0,1,0,3,0,1,0,0,0,0,1,0,1,1
"7600110000000002200219",0,0,0,0,0,0,0,0,0,0,0,0,0,0,0
"7600110000000002110401",0,1,1,0,0,1,2,1,0,0,0,0,0,1,2
"7600110000000002090404",3,2,0,1,0,0,2,1,3,0,1,2,0,2,1
"7600110000000002040130",0,0,0,0,0,0,0,0,0,0,0,0,0,0,0
"7600110000000002040109",3,0,2,0,1,1,1,1,0,0,0,1,1,1,0
"7600110000000002010230",1,4,0,3,7,2,8,3,7,4,3,4,6,5,1
"7600110000000002220406",0,0,1,1,0,1,1,0,5,0,1,2,0,1,0
"7600110000000002120517",0,1,0,1,2,0,0,0,0,0,1,0,0,1,0
"7600110000000003050105",0,1,0,0,0,1,0,1,1,1,0,0,1,0,1
"7600110000000002120113",1,1,1,0,3,0,1,1,0,2,0,1,2,1,1
"7600110000000002050115",0,0,0,0,0,0,1,1,0,1,1,0,0,0,0
"7600110000000002070120",0,0,0,0,0,0,0,0,0,0,0,0,0,0,0
"7600110000000002110216",0,0,0,0,1,1,1,1,0,1,1,0,0,1,1
"7600110000000002110405",0,0,1,1,1,0,1,0,1,1,0,0,0,0,1
"7600110000000002200112",3,2,5,2,4,2,3,5,3,4,3,1,2,1,4
"7600110000000002200117",2,0,0,1,0,1,4,1,2,0,2,3,1,0,1
"7600110000000002170366",1,1,0,2,0,1,4,1,0,1,0,3,1,3,2
"7600110000000002030124",7,12,6,9,6,2,6,11,4,6,12,5,7,2,8
"7600110000000002110103",1,2,0,2,3,0,0,1,2,1,1,0,0,1,1
"7600110000000002060221",1,0,0,0,0,1,0,0,0,0,1,0,1,0,1
"7600110000000002210119",0,2,1,2,0,1,1,0,0,1,0,2,1,2,0
"7600110000000003050112",0,0,1,0,0,0,0,0,0,1,0,0,0,1,0
"7600110000000002160101",3,1,3,4,1,3,2,3,2,3,5,2,0,1,0
"7600110000000002130305",1,1,3,2,1,2,0,0,2,0,0,0,2,1,0
"7600110000000003050116",1,1,0,0,0,0,0,0,0,0,0,0,0,0,0
"7600110000000002140136",0,3,4,1,4,2,6,2,1,3,2,7,1,2,2
"7600110000000002200213",3,2,0,0,0,1,3,3,0,0,0,0,1,1,3
"7600110000000002210219",0,0,0,0,0,1,0,1,1,0,1,0,0,1,1
"7600110000000002080423",1,0,0,0,1,1,0,0,1,0,2,2,1,2,1
"7600110000000002080406",0,0,0,0,0,0,0,0,0,0,0,0,0,0,0
"7600110000000002090105",0,0,1,0,1,3,0,0,0,0,1,0,0,0,1
"7600110000000002110203",0,0,0,0,0,0,0,0,0,0,1,0,0,0,1
"7600110000000002090101",0,0,1,0,0,1,0,0,0,0,0,1,0,0,0
"7600110000000002090109",0,0,1,0,0,0,0,3,1,1,0,0,1,0,1
"7600110000000002090202",0,0,0,0,0,0,0,1,0,0,0,0,0,0,0
"7600110000000002170104",0,0,0,0,0,0,3,1,0,3,0,0,0,1,2
"7600110000000002090411",0,0,0,0,1,1,0,0,0,1,0,0,1,0,0
"7600110000000002060313",0,0,0,0,0,0,0,0,0,0,0,0,0,0,0
"7600110000000002090111",0,1,1,0,0,3,0,1,1,0,1,1,0,0,1
"7600110000000002090316",0,0,0,0,0,0,0,0,0,0,0,0,0,0,0
"7600110000000002130306",0,0,0,1,0,0,1,0,0,0,0,1,1,0,2
"7600110000000002010314",1,0,0,0,1,0,0,0,0,2,3,1,0,3,0
"7600110000000002130312",0,1,0,0,0,1,1,0,1,0,2,1,1,0,0
"7600110000000002080211",0,0,0,0,0,0,0,0,0,0,0,0,0,0,0
"7600110000000002180112",0,1,0,1,1,0,2,2,2,1,2,0,2,1,4
"7600110000000002160104",0,1,0,0,0,1,0,1,1,0,0,0,0,1,1
"7600110000000002090214",0,0,0,0,0,0,0,0,0,0,0,0,0,0,0
"7600110000000002120526",0,0,1,0,0,0,2,0,0,1,1,0,0,0,0
"7600110000000002120501",2,3,0,1,0,2,0,0,0,0,1,0,0,0,1
"7600110000000002120506",0,0,0,0,0,0,0,0,0,0,0,0,0,1,1
"7600110000000002120417",0,0,1,0,0,0,0,1,0,0,1,0,0,0,0
"7600110000000002050110",1,0,0,1,1,1,1,1,0,1,1,1,0,1,0
"7600110000000002170405",0,0,2,0,1,0,1,2,1,0,0,0,0,0,0
"7600110000000002080212",0,2,0,0,0,0,0,0,0,0,0,0,0,0,1
"7600110000000002210224",0,0,0,0,1,0,0,0,0,1,0,1,0,0,0
"7600110000000002070105",0,0,0,0,0,0,0,1,0,0,0,0,0,0,0
"7600110000000002110207",0,0,1,0,2,1,1,0,0,1,1,1,0,1,4
"7600110000000002060222",1,0,1,1,0,1,0,1,1,2,1,0,1,0,0
"7600110000000002130411",1,1,4,0,2,5,1,2,0,0,1,1,1,1,2
"7600110000000002210105",0,0,0,0,0,0,0,2,2,0,1,0,2,2,2
"7600110000000002110106",3,2,3,4,5,7,2,1,7,2,3,7,8,4,6
"7600110000000002130110",0,2,1,0,2,0,1,0,0,1,0,1,1,0,1
"7600110000000002120208",0,0,0,3,1,1,0,2,0,0,1,0,0,0,2
"7600110000000002120513",0,3,0,4,0,3,0,1,1,2,0,1,0,1,0
"7600110000000002230201",2,3,3,7,3,2,1,4,2,5,5,1,4,6,4
"7600110000000002120408",0,0,0,0,0,0,0,0,0,0,0,1,0,0,1
"7600110000000002010311",0,1,1,0,0,0,0,0,0,0,0,0,1,0,1
"7600110000000002090108",0,0,0,0,0,0,0,0,0,0,1,1,0,0,0
"7600110000000002040135",1,0,4,1,4,2,2,0,4,0,2,1,1,3,0
"7600110000000002060109",0,3,0,0,1,0,0,0,0,2,0,0,1,1,1
"7600110000000002120520",0,0,0,0,1,1,0,1,0,0,1,1,2,0,0
"7600110000000019440315",4,1,2,2,0,1,4,2,3,1,2,1,1,2,1
"7600110000000002130409",0,0,1,0,0,2,0,1,0,0,0,1,1,0,0
"7600110000000002060101",4,1,0,3,0,0,0,5,1,0,0,2,1,0,2
"7600110000000002060201",0,0,0,0,0,0,0,0,0,0,0,0,0,0,0
"7600110000000002130313",0,0,0,1,0,0,0,1,0,2,1,2,1,0,1
"7600110000000002130211",0,1,0,0,0,0,0,3,0,1,1,1,0,1,1
"7600110000000002120119",0,3,1,0,0,0,0,0,0,2,1,0,3,1,2
"7600110000000002220112",1,0,1,2,1,0,0,1,1,1,0,1,0,0,0
"7600110000000002170406",1,1,2,1,2,2,0,0,0,0,0,1,3,1,1
"7600110000000002120112",1,0,0,0,0,0,0,0,5,0,1,0,0,2,0
"7600110000000002210210",1,0,3,0,1,0,0,0,4,0,1,1,0,1,0
"7600110000000002060103",0,0,0,0,1,1,1,0,0,0,0,0,0,0,0
"7600110000000002130201",1,0,0,1,1,0,0,0,0,0,1,0,1,0,1
"7600110000000002080310",0,0,0,0,0,0,0,0,0,1,0,0,0,0,1
"7600110000000002130315",0,1,3,0,2,1,1,2,0,1,0,1,1,2,1
"7600110000000002090110",0,0,0,0,0,1,0,0,0,0,0,0,1,1,1
"7600110000000002170402",1,4,1,1,3,1,0,1,1,2,3,2,0,3,1
"7600110000000002020112",1,1,1,1,1,1,2,1,1,1,2,1,3,1,2
"7600110000000002230330",1,0,1,0,0,1,0,0,2,0,1,1,1,0,1
"7600110000000002210205",0,2,0,0,1,0,2,2,2,0,0,1,0,3,2
"7600110000000002210222",0,0,0,0,0,3,1,0,1,0,0,0,0,0,0
"7600110000000002220203",1,0,0,0,0,1,1,0,0,0,1,0,0,0,0
"7600110000000002020106",2,1,0,0,0,0,0,0,0,0,0,0,0,0,0
"7600110000000002170418",0,0,1,0,0,0,1,1,0,0,0,2,0,2,1
"7600110000000002070118",0,0,0,1,2,0,0,0,0,0,1,0,0,0,1
"7600110000000002210120",0,0,0,0,0,1,0,1,0,0,1,1,1,0,1
"7600110000000002210102",0,0,1,0,0,1,0,1,0,0,0,0,1,0,0
"7600110000000002210221",0,0,1,0,0,1,0,1,1,0,0,0,1,0,0
"7600110000000002220212",0,0,1,0,0,1,0,0,2,0,2,2,0,1,2
"7600110000000002130314",0,0,0,0,0,0,0,0,0,1,1,0,1,0,2
"7600110000000002110410",0,1,0,0,0,0,1,0,0,0,0,0,1,0,0
"7600110000000002040141",0,2,0,0,0,0,0,0,0,1,0,0,1,0,1
"7600110000000002120504",1,2,0,0,0,1,0,1,0,0,0,1,1,1,3
"7600110000000002010227",2,4,1,4,2,3,3,8,4,3,2,3,7,7,7
"7600110000000002200210",2,1,0,0,0,1,0,0,0,0,1,0,0,0,0
"7600110000000002080208",0,0,0,0,0,0,0,0,0,0,0,0,0,0,0
"7600110000000002210113",1,1,0,0,1,0,1,0,0,0,0,0,0,0,0
"7600110000000002080413",0,0,0,0,0,0,0,0,0,0,0,0,0,1,0
"7600110000000002170319",0,0,0,0,0,0,0,0,0,0,0,0,0,0,0
"7600110000000002170119",0,0,0,0,0,1,0,1,1,1,1,0,0,0,1
"7600110000000002170110",1,0,1,0,0,1,1,2,0,1,0,3,2,3,1
"7600110000000002120409",1,0,1,0,0,0,0,0,1,0,0,0,1,0,2
"7600110000000002170333",0,0,1,0,0,0,0,0,2,0,1,0,3,3,2
"7600110000000002110204",0,0,1,0,0,0,0,0,1,0,0,0,0,0,0
"7600110000000002150117",0,0,0,0,3,0,0,0,2,1,1,1,0,1,0
"7600110000000002220101",2,4,6,2,7,6,4,8,7,5,5,6,5,6,6
"7600110000000002010216",1,1,1,1,1,2,3,2,2,1,2,0,0,0,0
"7600110000000002120207",1,1,0,0,0,0,2,2,0,1,0,2,1,0,0
"7600110000000002200120",5,6,2,5,1,2,5,2,2,0,5,2,1,8,10
"7600110000000002090304",0,0,0,0,0,0,0,0,0,0,0,0,0,0,0
"7600110000000002230332",4,0,0,6,1,0,0,1,3,1,0,2,2,4,2
"7600110000000002230307",1,1,0,0,0,0,1,0,0,0,0,0,0,1,0
"7600110000000002200204",1,0,1,0,0,0,0,1,0,0,0,1,0,1,2
"7600110000000002200114",0,0,0,1,0,0,1,0,2,1,0,0,1,1,0
"7600110000000002220209",2,0,0,1,0,1,0,0,1,1,2,3,0,1,1
"7600110000000002060315",0,0,0,0,2,0,0,1,1,3,0,3,1,3,2
"7600110000000002090219",0,2,0,0,0,0,0,0,1,0,0,0,0,0,0
"7600110000000002040208",0,1,1,0,1,1,0,1,0,0,1,1,3,1,4
"7600110000000002130217",0,1,0,0,0,0,2,0,0,0,0,0,1,0,0
"7600110000000002130103",0,0,4,1,0,1,0,0,2,0,1,1,1,0,1
"7600110000000002130215",1,0,0,1,0,0,0,0,0,0,0,0,1,1,0
"7600110000000002210109",0,0,0,1,1,1,0,0,1,1,1,0,2,1,0
"7600110000000002110101",15,8,5,4,4,9,1,5,5,3,6,4,6,3,6
"7600110000000002130208",0,0,0,0,2,0,0,0,0,0,0,0,1,0,0
"7600110000000002170113",2,0,0,2,0,0,1,0,0,0,0,0,1,0,0
"7600110000000002080108",0,0,0,1,0,0,0,0,0,0,0,0,0,0,1
"7600110000000002120302",0,1,0,0,0,0,0,1,1,0,0,0,1,0,0
"7600110000000003050103",0,1,0,1,0,0,0,0,1,0,1,0,0,1,0
"7600110000000002230306",0,1,0,0,1,0,2,3,0,3,3,1,3,1,2
"7600110000000002040103",0,0,0,1,1,0,0,0,1,0,1,0,0,1,0
"7600110000000002020107",0,0,0,0,0,0,1,0,1,0,2,1,1,0,0
"7600110000000002170317",3,1,4,1,5,0,2,2,3,1,2,1,3,5,1
"7600110000000002220104",5,5,7,8,5,7,3,14,8,6,8,6,3,6,6
"7600110000000003050106",1,0,0,0,0,0,0,0,0,0,0,0,0,0,0
"7600110000000002040133",1,0,0,1,1,1,0,0,0,0,1,1,2,0,1
"7600110000000002160105",1,0,0,1,2,0,0,1,1,1,1,1,0,0,0
"7600110000000002150113",1,2,0,3,0,1,1,2,0,1,0,1,1,1,0
"7600110000000002170118",0,0,1,3,1,3,1,0,0,0,2,1,1,1,0
"7600110000000002060117",0,0,0,0,0,0,0,0,0,0,0,0,0,0,0
"7600110000000002230222",7,4,6,9,6,10,5,2,6,7,7,3,4,5,7
"7600110000000002130310",0,0,0,0,0,0,0,0,0,0,0,0,1,2,0
"7600110000000002130111",0,2,0,1,0,0,1,0,0,1,1,1,1,0,1
"7600110000000002130114",0,0,0,1,1,0,0,0,0,0,0,0,0,2,0
"7600110000000002010202",0,1,0,0,1,1,0,0,0,0,1,0,1,0,0
"7600110000000002220218",1,0,0,1,1,0,2,1,0,0,2,1,5,1,0
"7600110000000002080411",0,0,0,1,1,0,0,0,0,0,0,1,0,0,0
"7600110000000002120213",0,1,0,0,1,0,0,1,0,0,2,0,4,0,1
"7600110000000002080315",0,0,1,1,0,0,2,0,2,0,0,1,1,2,0
"7600110000000002090312",0,1,1,0,0,0,0,0,1,0,1,0,0,0,0
"7600110000000002120413",0,0,1,0,0,0,1,0,0,0,0,0,1,0,1
"7600110000000002130101",0,1,0,1,0,0,1,0,0,0,0,0,1,1,2
"7600110000000002010312",0,0,1,1,0,2,2,0,1,1,2,0,0,1,1
"7600110000000002090211",2,0,0,0,1,0,0,1,0,0,0,0,0,0,0
"7600110000000002170372",0,0,1,1,0,0,1,1,0,2,0,0,0,0,2
"7600110000000002030104",0,4,1,3,2,6,2,0,2,0,0,2,1,2,3
"7600110000000002130218",0,0,0,0,0,0,0,0,0,0,0,0,0,0,0
"7600110000000002130311",0,0,0,0,0,0,0,0,0,0,0,0,0,0,0
"7600110000000002120215",0,0,0,0,1,1,0,0,0,0,1,1,0,0,1
"7600110000000002230301",0,2,2,3,1,0,1,8,4,3,2,2,1,3,1
"7600110000000002070102",0,0,0,0,0,0,0,0,0,0,0,0,0,0,0
"7600110000000002090306",0,1,0,0,0,0,0,0,0,0,0,0,0,0,0
"7600110000000002080412",0,0,0,0,0,0,0,0,0,0,0,0,0,0,0
"7600110000000002110215",0,0,1,0,0,0,0,1,0,0,0,0,0,1,0
"7600110000000002080303",1,0,1,0,1,0,0,0,1,0,0,0,1,1,0
"7600110000000002120415",1,0,0,0,0,0,0,1,0,0,0,0,0,0,0
"7600110000000002120411",2,0,0,0,0,0,1,1,1,1,0,1,2,0,3
"7600110000000002120313",1,0,0,1,0,0,0,0,0,0,0,0,0,1,0
"7600110000000002220213",1,1,0,1,0,1,1,0,1,1,1,1,1,1,1
"7600110000000002060312",0,0,0,1,0,0,1,0,0,2,0,0,0,0,0
"7600110000000002170347",0,0,0,0,0,0,0,0,0,0,0,0,0,0,0
"7600110000000002110403",1,0,1,1,1,1,1,0,0,1,1,1,2,0,0
"7600110000000002110202",1,0,0,1,0,1,0,0,1,0,1,0,1,0,0
"7600110000000002130320",0,1,0,1,0,1,0,0,0,0,0,1,0,0,1
"7600110000000002080111",0,0,0,0,0,0,0,0,0,0,0,0,1,1,0
"7600110000000002170107",0,0,0,1,0,0,0,0,0,0,0,0,0,0,0
"7600110000000002120211",0,0,1,3,3,2,0,0,0,3,2,0,0,2,1
"7600110000000002220111",4,4,4,1,5,6,6,4,7,5,4,4,8,4,1
"7600110000000002110110",0,1,1,0,1,0,0,0,0,0,0,0,0,0,1
"7600110000000002230305",0,0,3,1,2,1,3,2,1,1,1,2,2,2,2
"7600110000000002130403",0,0,0,0,0,0,0,0,1,0,0,1,0,0,1
"7600110000000002130108",0,0,2,0,1,0,1,0,0,0,2,1,0,1,0
"7600110000000002170369",1,0,0,0,0,0,1,0,0,0,0,0,0,0,3
"7600110000000002120121",0,0,0,0,0,0,1,0,0,1,0,1,0,1,1
"7600110000000002040210",3,3,1,0,1,3,3,2,2,4,1,0,2,0,5
"7600110000000002230219",0,0,1,0,1,2,0,3,2,0,1,2,1,1,2
"7600110000000002110206",1,1,1,1,0,1,0,0,1,1,0,1,0,1,1
"7600110000000002230303",3,1,1,0,4,0,0,3,1,1,2,0,0,0,0
"7600110000000002120314",3,1,1,2,2,1,2,0,1,0,1,2,0,0,1
"7600110000000002210114",2,0,0,1,0,2,0,1,0,1,2,0,1,0,0
"7600110000000002120101",0,0,0,0,0,0,0,1,1,1,0,2,1,0,1
"7600110000000002050114",0,0,0,0,0,0,0,0,1,2,0,0,0,0,0
"7600110000000002110402",0,2,0,2,0,2,0,0,3,1,1,2,2,2,1
"7600110000000002040140",1,0,0,0,0,0,0,0,0,0,0,1,0,0,0
"7600110000000002060311",0,0,0,0,0,1,0,1,0,0,1,0,0,0,2
"7600110000000002170117",0,0,0,0,0,0,0,0,0,0,1,0,0,2,0
"7600110000000002130210",0,0,0,0,0,0,0,0,0,0,0,0,0,0,0
"7600110000000002070117",0,1,0,3,0,0,0,0,0,3,0,0,2,0,1
"7600110000000002090302",2,1,1,0,1,0,0,0,1,0,0,0,0,0,0
"7600110000000002230223",2,1,1,3,1,1,2,1,1,5,3,4,2,1,1
"7600110000000002080106",0,0,0,0,0,0,0,0,0,0,0,0,1,0,0
"7600110000000002120514",0,0,1,0,0,0,0,0,0,0,2,0,0,0,1
"7600110000000002080302",0,0,1,0,0,0,0,0,0,1,0,0,0,0,0
"7600110000000002090407",0,0,0,0,0,0,0,0,0,0,0,0,1,1,1
"7600110000000002220402",0,0,0,0,0,1,0,0,0,1,0,1,1,0,1
"7600110000000002110309",0,0,0,0,1,0,1,0,0,1,1,3,0,0,0
"7600110000000002120301",2,3,1,1,1,1,0,1,4,2,1,0,3,2,2
"7600110000000002170109",0,0,0,1,0,0,1,0,1,2,0,1,0,0,0
"7600110000000002150112",0,0,0,0,0,1,0,0,0,0,0,0,2,1,1
"7600110000000002040108",3,1,0,0,0,1,1,0,0,1,1,1,0,1,0
"7600110000000002090107",0,0,1,0,1,0,0,0,0,0,0,1,0,2,1
"7600110000000002170371",0,1,0,0,3,3,1,1,0,2,1,4,3,1,4
"7600110000000002200101",1,0,1,0,2,0,0,1,1,1,2,2,5,3,1
"7600110000000002110210",1,0,0,0,0,1,0,0,0,0,0,0,1,0,0
"7600110000000002170112",0,1,1,1,1,1,1,0,1,0,1,0,1,2,0
"7600110000000002220310",1,3,2,0,0,2,1,1,0,2,1,3,0,1,1
"7600110000000002210201",0,1,1,1,2,1,0,0,1,0,1,0,1,1,1
"7600110000000002170221",1,0,0,1,0,0,0,0,0,0,0,0,0,0,0
"7600110000000002200105",6,1,4,5,1,3,2,3,8,5,5,4,4,4,5
"7600110000000002220205",0,1,0,1,0,3,2,2,4,1,4,2,8,2,0
"7600110000000002090402",0,0,0,0,2,0,1,0,0,0,0,0,1,1,0
"7600110000000002170421",0,0,0,0,0,0,0,1,0,0,0,0,0,0,0
"7600110000000002130309",0,0,0,0,1,1,0,0,0,0,1,0,0,0,1
"7600110000000002170361",1,0,0,0,2,1,1,1,1,1,0,0,1,2,0
"7600110000000019440331",0,1,0,1,1,0,1,0,1,0,0,1,0,1,0
"7600110000000002030151",0,0,0,0,0,0,0,0,0,0,0,0,0,0,0
"7600110000000002110209",0,1,0,0,0,0,0,0,0,1,1,2,0,0,1
"7600110000000002120414",0,0,0,0,0,1,0,0,0,0,0,1,1,1,1
"7600110000000002230325",0,0,0,2,2,2,1,2,0,1,2,0,0,0,0
"7600110000000002230333",0,0,0,0,0,0,0,0,0,0,0,0,0,0,0
"7600110000000002080313",0,1,0,0,0,0,1,0,0,0,0,1,0,0,1
"7600110000000002110407",0,0,0,1,0,0,0,0,0,0,0,1,0,0,0
"7600110000000002200118",0,1,2,2,0,0,5,2,2,1,2,1,0,1,0
"7600110000000002210206",0,0,1,0,1,0,1,1,1,2,1,2,1,2,2
"7600110000000002170352",4,9,5,2,5,7,3,9,6,4,4,5,9,11,9
"7600110000000002220421",10,13,5,8,10,12,10,11,5,16,10,11,7,8,9
"7600110000000002230110",1,3,1,1,0,3,3,0,3,1,0,2,1,4,4
"7600110000000002090311",0,0,0,0,0,0,0,0,0,0,1,0,0,1,0
"7600110000000002210226",0,0,0,1,0,2,1,0,0,1,1,0,0,0,0
"7600110000000004090108",0,0,1,0,2,0,1,3,2,2,1,0,2,1,2
"7600110000000002080414",0,0,0,0,0,1,1,0,0,0,0,0,0,0,0
"7600110000000002010109",0,0,0,0,0,0,0,1,0,0,0,1,0,2,0
"7600110000000002170215",0,0,0,0,0,0,0,1,0,0,0,0,0,0,1
"7600110000000002170419",0,1,0,1,2,0,0,2,0,1,1,1,1,1,0
"7600110000000002060108",0,0,1,0,0,0,0,0,0,0,0,0,0,0,0
"7600110000000002120110",1,3,2,5,4,3,5,3,1,4,8,5,4,2,1
"7600110000000002220105",1,0,0,1,1,0,0,1,4,2,1,0,1,2,2
"7600110000000002090403",0,0,1,0,1,0,0,0,0,0,0,0,0,0,1
"7600110000000002050111",0,0,0,0,0,0,0,0,0,0,0,0,1,1,0
"7600110000000002130118",0,0,0,0,0,0,0,0,0,0,0,0,1,0,0
"7600110000000002090418",0,1,1,0,2,0,0,0,0,0,1,1,0,0,1
"7600110000000002220216",1,1,1,1,1,4,1,1,0,2,1,0,2,2,0
"7600110000000002230326",1,2,0,3,1,1,0,0,0,2,2,1,3,1,0
"7600110000000002220409",1,2,0,1,1,0,1,0,1,0,1,3,0,0,0
"7600110000000002050104",0,0,0,0,0,0,0,0,0,0,0,1,0,1,0
"7600110000000002110409",0,0,0,0,1,0,1,0,0,0,1,2,2,0,1
"7600110000000002220407",1,1,1,2,0,0,0,2,2,2,0,5,2,2,1
"7600110000000002200304",0,1,0,1,0,0,0,0,0,1,0,0,1,0,0
"7600110000000002220308",0,0,0,0,1,0,0,0,1,0,1,1,1,1,2
"7600110000000002230329",1,0,2,0,2,1,0,0,2,1,2,1,0,0,0
"7600110000000002130316",1,0,0,1,2,1,0,0,0,1,1,0,1,0,0
"7600110000000002020110",0,0,0,0,0,1,0,0,0,0,0,0,0,1,0
"7600110000000002200217",1,0,1,1,0,1,2,0,0,0,0,1,0,2,1
"7600110000000002060204",0,0,0,0,0,0,0,0,0,0,0,0,1,0,0
"7600110000000002070107",0,0,0,0,0,0,0,0,0,0,0,0,0,0,0
"7600110000000002090103",0,0,0,1,0,0,0,1,0,0,0,0,0,0,0
"7600110000000002090102",0,0,1,1,0,0,0,0,1,0,0,0,2,0,0
"7600110000000002090303",0,0,0,0,0,0,0,0,0,0,0,0,0,1,0
"7600110000000002090315",0,0,0,0,0,0,0,0,0,0,0,0,0,0,0
"7600110000000002090210",1,0,0,1,1,0,0,1,0,0,0,1,1,1,1
"7600110000000002010231",2,3,4,5,2,1,5,1,2,3,6,2,5,3,3
"7600110000000002090218",0,0,0,0,0,0,0,0,0,1,1,0,0,0,0
"7600110000000002080102",0,0,0,0,0,0,0,0,0,0,0,0,0,0,0
"7600110000000002120309",1,0,0,0,1,0,0,0,0,0,0,1,0,1,1
"7600110000000002130209",0,0,0,0,0,0,0,0,0,0,0,0,0,0,0
"7600110000000002170360",0,0,1,0,0,1,1,0,0,1,0,0,0,0,0
"7600110000000002170363",1,0,1,1,1,1,2,1,2,2,4,0,1,3,0
"7600110000000002130117",0,1,0,0,0,1,0,1,0,0,0,0,0,0,0
"7600110000000002130410",0,0,0,0,1,0,0,0,0,0,0,1,0,0,0
"7600110000000002030142",1,1,2,3,1,1,2,4,3,2,1,0,2,4,2
"7600110000000002140132",4,6,4,3,3,1,0,1,2,5,3,4,2,5,6
"7600110000000002230216",1,0,0,0,2,0,3,2,0,1,3,1,0,2,4
"7600110000000002200202",2,1,0,0,0,0,1,0,1,1,1,0,2,2,0
"7600110000000002060104",0,1,1,3,0,0,2,0,1,1,0,3,0,1,0
"7600110000000002120308",0,0,0,0,0,1,0,0,0,0,0,0,0,0,1
"7600110000000002120404",0,0,0,0,0,0,0,0,0,0,0,0,0,0,0
"7600110000000002230109",2,2,2,2,1,1,0,1,0,2,3,2,5,1,3
"7600110000000004090103",0,0,0,1,0,2,0,0,0,0,1,1,5,0,0
"7600110000000003050104",1,0,0,0,0,0,0,0,0,0,0,0,0,0,0
"7600110000000002120106",0,0,0,0,0,0,0,0,1,0,0,0,0,0,0
"7600110000000002200107",0,2,2,0,3,1,1,0,1,2,0,0,0,2,0
"7600110000000002170351",2,1,4,1,2,3,2,1,4,4,3,0,3,2,4
"7600110000000002050107",2,1,0,0,0,1,1,1,0,0,0,0,2,1,1
"7600110000000002220307",1,1,0,3,0,0,3,1,1,0,2,0,0,1,1
"7600110000000002170219",0,0,1,0,0,0,0,1,0,0,0,0,0,0,0
"7600110000000002200113",1,1,1,0,2,1,0,0,0,1,1,1,0,0,0
"7600110000000002200302",0,0,0,0,2,0,0,0,2,2,0,1,1,1,1
"7600110000000002220305",0,0,0,0,0,1,1,0,0,3,0,2,2,0,1
"7600110000000002120406",0,0,1,0,1,0,0,0,0,1,2,1,1,0,0
"7600110000000002200116",1,0,3,2,1,0,0,1,1,0,0,1,0,1,4
"7600110000000002110321",0,1,0,1,1,3,0,1,0,2,0,1,1,2,4
"7600110000000002120303",0,0,0,0,1,1,0,0,0,1,0,0,0,2,0
"7600110000000002160106",5,4,2,2,0,0,2,2,2,2,2,5,5,2,1
"7600110000000002230213",0,0,0,0,0,1,0,0,0,0,0,0,0,0,1
"7600110000000002120403",0,2,0,2,0,1,0,0,2,0,1,0,1,1,2
"7600110000000002010224",2,0,0,0,0,1,0,0,0,1,0,0,0,0,0
"7600110000000002090305",0,0,0,0,0,0,0,0,0,0,0,0,0,0,0
"7600110000000002220408",0,1,0,0,0,0,1,0,1,1,1,1,1,2,3
"7600110000000002030149",1,0,0,0,1,0,2,0,1,2,0,0,1,0,0
"7600110000000002110205",0,1,0,1,0,0,0,2,0,0,0,1,2,1,0
"7600110000000002230317",11,16,22,20,29,19,19,19,18,21,14,11,18,17,22
"7600110000000002130406",0,0,0,1,0,0,0,0,0,0,0,0,0,1,0
"7600110000000002170103",1,0,0,0,1,0,0,0,0,1,1,0,0,0,1
"7600110000000004200210",3,1,0,0,1,1,1,0,1,1,1,0,0,1,2
"7600110000000002190107",7,14,12,10,9,18,13,11,8,10,14,10,4,13,8
"7600110000000002040212",1,1,0,1,0,1,1,2,1,0,0,1,0,0,1
"7600110000000002210213",1,1,1,0,2,2,0,1,2,1,0,1,0,3,1
"7600110000000002200122",0,0,0,0,0,0,1,1,0,0,0,0,2,1,0
"7600110000000002040138",2,0,2,0,1,1,0,1,0,3,0,0,0,1,0
"7600110000000002200216",1,0,0,1,1,0,2,0,2,1,0,0,1,1,1
"7600110000000002200207",1,0,0,3,0,0,0,0,0,0,2,1,0,1,1
"7600110000000002090204",0,0,0,0,0,0,0,0,0,0,0,1,0,0,0
"7600110000000002220206",4,1,2,2,1,2,2,1,3,2,2,2,1,4,1
"7600110000000002010104",0,0,0,0,0,1,0,2,0,0,0,0,0,0,0
"7600110000000002080304",0,0,0,0,0,0,0,0,0,0,0,0,0,0,0
"7600110000000002210223",0,1,0,0,1,1,0,0,1,1,0,1,0,0,0
"7600110000000002200102",4,5,7,4,9,2,3,2,6,7,2,6,4,5,5
"7600110000000002120114",1,1,1,0,0,3,1,1,0,0,1,0,0,1,2
"7600110000000002230217",2,2,1,1,2,1,4,4,2,3,2,2,3,3,2
"7600110000000002210212",0,0,0,1,1,0,3,3,3,1,1,1,0,1,1
"7600110000000002210112",3,1,0,0,1,2,1,1,0,1,3,0,0,0,0
"7600110000000002010106",0,1,1,0,0,0,0,2,1,1,0,1,0,0,1
"7600110000000002140110",1,1,1,1,3,4,0,3,2,3,2,1,3,3,2
"7600110000000002090409",0,0,0,0,0,0,0,0,0,0,0,0,1,1,0
"7600110000000002130408",2,0,0,0,0,0,0,0,0,0,0,2,0,0,0
"7600110000000002110113",0,1,0,0,1,2,0,0,1,0,3,0,1,2,0
"7600110000000002080309",1,0,1,1,0,0,0,0,0,0,0,0,0,0,0
"7600110000000002230319",3,8,4,5,4,3,2,2,3,2,4,1,2,3,2
"7600110000000002230302",1,0,0,1,1,0,0,1,1,0,3,1,1,3,0
"7600110000000002020102",0,0,0,0,0,0,0,0,1,0,0,0,0,1,0
"7600110000000002230203",1,1,1,0,1,0,2,0,6,1,2,1,1,1,2
"7600110000000002220207",2,3,2,4,4,0,3,3,3,3,5,2,3,4,2
"7600110000000002130404",0,0,0,1,0,0,0,0,0,0,0,1,0,0,0
"7600110000000002040137",0,0,1,0,1,0,1,1,2,1,2,1,0,0,0
"7600110000000002210118",1,2,1,0,2,0,1,0,1,1,1,1,2,2,2
"7600110000000002010310",0,3,2,3,3,2,2,2,2,3,2,1,4,2,2
"7600110000000002090213",0,0,0,0,2,0,0,2,0,0,0,1,0,0,1
"7600110000000002020101",0,0,0,0,0,0,1,0,0,1,0,0,0,0,0
"7600110000000002090410",0,0,0,0,0,0,0,0,0,0,0,0,0,0,0
"7600110000000002120416",0,0,0,0,0,0,0,0,1,1,1,0,0,0,0
"7600110000000002220316",0,1,0,0,2,0,1,2,0,1,1,2,0,0,3
"7600110000000002040110",1,0,0,2,0,1,0,3,0,1,1,0,0,1,1
"7600110000000002080405",0,0,0,0,0,0,0,0,0,0,0,0,0,0,0
"7600110000000002110308",0,0,0,0,1,0,0,0,0,1,2,1,0,0,1
"7600110000000002130107",1,0,1,1,2,1,1,0,1,1,0,1,0,0,1
"7600110000000002080216",0,0,0,0,0,0,0,0,0,0,0,0,0,0,0
"7600110000000002170120",4,6,2,4,8,3,7,4,2,2,6,7,6,4,6
"7600110000000002230108",3,4,1,7,6,3,3,4,6,4,5,6,6,8,7
"7600110000000002090205",0,0,0,0,0,1,0,1,0,0,1,0,0,1,0
"7600110000000002220210",0,1,1,2,0,0,0,2,0,0,0,1,0,1,1
"7600110000000002120503",0,1,0,0,0,4,1,2,0,0,0,0,0,1,0
"7600110000000002220319",0,0,1,0,1,0,0,2,2,0,2,0,0,1,1
"7600110000000002220411",0,0,3,3,2,2,2,1,1,0,1,2,1,2,1
"7600110000000002110404",0,1,1,1,0,0,1,0,2,0,0,1,1,0,2
"7600110000000002180111",0,0,0,0,0,0,0,0,0,0,0,0,0,0,0
"7600110000000002130109",0,0,1,1,0,0,0,0,0,0,0,0,0,0,0
"7600110000000002120111",0,0,1,1,2,3,1,1,1,1,1,1,1,0,0
"7600110000000002060309",0,0,0,0,0,0,0,0,0,0,0,0,0,0,0
"7600110000000002060107",1,1,1,0,0,2,1,1,0,1,1,2,0,1,0
"7600110000000002120502",0,0,0,0,0,0,0,1,1,1,0,0,1,0,0
"7600110000000002200209",0,0,0,0,2,0,2,0,0,1,1,1,0,1,1
"7600110000000002150110",1,1,0,1,1,3,1,1,0,0,0,2,2,2,0
"7600110000000002230211",0,0,1,0,0,0,0,0,0,0,1,0,0,0,0
"7600110000000002120402",0,0,0,2,1,0,0,1,2,0,0,0,1,0,2
"7600110000000002220320",0,1,3,1,2,1,2,0,0,1,1,1,1,2,1
"7600110000000002220314",1,3,0,2,0,0,1,2,3,4,1,0,0,1,0
"7600110000000002200203",0,0,0,0,1,1,0,0,0,1,0,2,0,0,0
"7600110000000002110408",0,1,0,0,0,1,1,0,1,0,0,0,1,0,0
"7600110000000002060120",1,1,0,1,2,0,0,0,0,1,0,0,0,1,0
"7600110000000002230221",3,1,0,0,1,1,0,0,1,2,0,1,1,1,1
"7600110000000002220214",0,1,2,1,0,1,2,1,1,0,0,2,1,0,2
"7600110000000003060101",0,0,0,0,0,0,1,0,0,0,0,0,0,0,0
"7600110000000002200218",0,2,0,1,1,1,0,1,1,0,1,2,0,1,0
"7600110000000002090416",0,0,0,0,0,0,0,0,1,0,0,0,0,0,0
"7600110000000002120204",1,0,0,1,0,0,1,3,2,0,1,1,0,0,1
"7600110000000002030145",2,0,0,0,0,1,1,0,0,1,1,2,2,1,2
"7600110000000002060227",3,3,0,4,3,2,3,2,2,5,4,1,2,2,3
"7600110000000002170114",1,0,2,2,0,1,0,0,0,0,1,1,2,0,1
"7600110000000002210208",1,0,0,1,0,0,0,1,0,2,1,1,0,1,1
"7600110000000002060226",0,0,0,0,0,0,0,0,0,0,0,0,0,0,0
"7600110000000002060210",1,0,1,0,0,0,1,0,0,1,2,0,0,0,1
"7600110000000002040115",0,0,0,0,0,0,0,1,1,1,0,0,1,1,0
"7600110000000002090405",0,0,0,0,0,1,0,0,0,0,1,0,0,0,0
"7600110000000002080301",0,0,0,0,0,0,0,1,0,0,0,0,0,0,0
"7600110000000002110315",2,2,0,0,0,0,0,1,0,2,0,2,1,0,1
"7600110000000002060216",0,0,0,0,0,0,0,1,0,1,1,0,1,1,0
"7600110000000002210106",2,1,0,1,2,0,0,0,1,0,2,0,0,1,2
"7600110000000002030109",0,2,1,1,2,0,1,3,1,2,2,1,1,0,1
"7600110000000002230113",3,2,7,4,0,5,1,3,3,6,6,2,5,2,2
"7600110000000002220417",0,1,2,0,0,0,0,0,0,0,1,1,0,0,0
"7600110000000002060110",0,0,0,0,0,0,1,0,0,0,0,0,0,0,0
"7600110000000002120205",0,1,0,2,1,0,0,1,1,1,1,2,0,0,0
"7600110000000002130206",0,0,0,0,0,1,0,1,0,0,0,1,0,1,1
"7600110000000002200110",4,0,7,4,1,1,6,4,3,6,7,2,5,2,3
"7600110000000002010214",2,1,0,1,2,1,1,0,4,1,0,1,0,2,1
"7600110000000002110111",3,2,4,2,3,2,2,8,2,4,7,2,1,5,1
"7600110000000004090102",0,1,4,1,1,0,1,1,1,0,0,0,1,0,5
"7600110000000002130204",0,0,1,0,0,0,1,0,0,0,1,0,1,1,0
"7600110000000002130102",0,1,0,0,0,0,0,0,0,0,0,0,0,0,0
"7600110000000002010107",2,1,1,2,0,1,2,0,1,1,1,0,0,1,0
"7600110000000002210203",0,2,0,0,0,1,1,0,0,0,1,0,1,1,1
"7600110000000002040134",2,2,0,0,0,1,1,4,4,1,0,0,1,1,3
"7600110000000002080314",0,0,0,0,0,0,0,0,0,0,0,0,0,0,0
"7600110000000002230210",11,5,8,5,4,8,1,5,6,5,8,5,6,10,4
"7600110000000002120109",0,0,0,0,2,0,0,0,0,0,0,0,1,0,1
"7600110000000002140108",1,3,4,3,1,2,3,2,0,1,7,1,1,4,3
"7600110000000002110413",1,0,0,0,0,0,0,1,1,0,0,0,0,0,0
"7600110000000002080104",0,0,0,0,0,0,1,0,0,0,0,0,0,0,0
"7600110000000002130213",0,0,0,0,0,0,1,0,0,1,0,0,0,0,0
"7600110000000002220415",1,1,0,1,1,2,0,1,2,2,0,1,1,2,1
"7600110000000002210204",0,0,1,0,1,1,1,0,0,0,0,0,0,0,0
"7600110000000002060304",1,0,0,0,0,0,0,0,0,0,0,1,0,1,1
"7600110000000002170116",0,0,1,0,1,1,1,1,0,1,1,0,1,0,0
"7600110000000002200115",0,2,2,2,0,0,0,1,0,0,0,0,4,1,2
"7600110000000002100106",1,1,1,0,0,1,0,0,1,0,0,0,0,0,0
"7600110000000002230220",1,6,3,1,1,4,2,3,2,1,4,2,3,0,1
"7600110000000002170212",1,1,2,2,1,3,5,4,5,6,2,4,2,1,1
"7600110000000002090208",0,0,1,0,0,1,1,0,0,0,0,0,0,0,0
"7600110000000002170367",2,2,0,2,0,1,1,1,0,3,3,3,3,2,0
"7600110000000002080316",0,0,0,0,1,1,0,2,0,0,0,0,0,2,1
"7600110000000002200212",0,0,1,0,0,0,0,0,0,0,1,0,1,1,0
"7600110000000002040209",6,3,7,5,1,10,6,1,6,4,5,5,4,4,6
"7600110000000002140115",1,3,1,4,4,6,4,1,10,6,5,7,1,6,2
"7600110000000002210209",0,0,0,0,0,0,2,0,0,1,0,1,1,1,0
"7600110000000002070103",0,1,0,0,0,1,1,0,0,1,0,1,2,0,0
"7600110000000002200206",0,0,1,0,1,0,1,0,1,2,0,0,2,0,0
"7600110000000002170374",0,0,1,1,1,0,1,0,1,0,0,0,0,1,0
"7600110000000004090111",1,1,0,2,5,3,1,0,0,1,2,0,2,0,0
"7600110000000002200214",3,3,2,0,3,1,0,1,0,4,2,0,3,0,0
"7600110000000002200222",0,0,0,0,1,0,0,0,0,2,0,0,1,1,0
"7600110000000002200205",2,0,0,0,0,0,0,0,0,0,0,0,1,0,0
"7600110000000002210104",0,1,0,0,0,0,0,0,1,0,0,2,0,0,2
"7600110000000002210107",0,0,2,2,0,0,1,0,1,0,0,1,0,0,0
"7600110000000002130106",0,0,0,0,0,1,0,0,0,1,2,0,1,1,1
"7600110000000002170105",0,0,1,0,2,2,0,2,1,2,0,2,1,1,1
"7600110000000004200209",0,0,0,0,0,0,0,0,0,0,0,0,0,0,2
"7600110000000002120209",0,1,0,0,0,0,0,1,1,2,0,1,0,0,0
"7600110000000003050111",0,1,0,0,0,0,0,0,0,0,2,0,1,0,0
"7600110000000002170373",1,0,0,0,0,0,1,0,1,2,2,1,1,0,1
"7600110000000002060214",0,0,0,0,0,1,0,0,0,0,1,1,0,0,0
"7600110000000004090118",1,0,0,0,3,1,0,0,0,0,0,1,0,2,0
"7600110000000002070116",0,0,1,0,2,2,1,0,0,1,2,0,2,0,0
"7600110000000002220312",0,0,1,0,0,3,0,0,1,1,0,1,1,0,0
"7600110000000002060114",0,0,0,0,0,0,1,0,0,2,1,0,0,0,0
"7600110000000002080318",0,1,0,1,0,0,0,0,0,1,1,0,1,0,0
"7600110000000002010219",3,0,0,0,1,0,0,0,0,0,0,0,0,0,1
"7600110000000002110201",1,1,0,0,2,0,0,0,0,0,1,2,2,2,0
"7600110000000002220201",0,0,1,1,0,0,0,1,0,0,1,0,0,0,1
"7600110000000002110108",12,9,8,11,10,5,5,8,12,7,8,3,5,7,6
"7600110000000002110420",1,0,1,1,3,1,1,3,1,0,0,2,3,1,0
"7600110000000002010208",2,1,3,1,4,0,3,3,1,1,0,1,1,3,2
"7600110000000002120518",0,1,0,1,0,1,0,0,0,0,1,0,0,2,2
"7600110000000003050113",0,0,0,0,0,0,0,0,0,0,0,0,0,0,0
"7600110000000002200215",4,1,1,3,1,0,1,0,1,3,0,1,1,1,3
"7600110000000002120108",0,1,0,0,0,1,0,0,1,0,0,1,0,1,0
"7600110000000002230331",1,0,0,2,0,0,1,1,0,1,1,0,2,2,0
"7600110000000002030140",3,5,0,2,2,2,4,1,3,1,8,1,2,1,5
"7600110000000002150105",2,0,1,0,0,0,0,1,2,0,1,0,0,1,1
"7600110000000002030148",4,4,1,4,2,2,3,8,3,5,2,4,5,3,1
"7600110000000002220215",0,0,1,0,2,0,3,2,1,0,3,0,1,1,0
"7600110000000002170106",0,0,1,0,0,1,0,1,1,1,0,1,0,0,0
"7600110000000002170368",0,0,1,0,0,0,1,0,0,1,0,0,0,0,1
"7600110000000002060106",0,0,0,0,2,0,0,0,0,0,0,1,0,0,0
"7600110000000002020111",0,0,0,0,0,0,0,0,0,0,0,0,0,1,0
"7600110000000002010105",1,0,0,0,0,2,0,0,0,0,0,0,0,1,0
"7600110000000002070121",0,0,0,0,2,0,0,0,0,0,0,0,0,0,0
"7600110000000002050105",0,0,0,0,1,0,0,0,0,0,0,0,0,0,2
"7600110000000002050103",0,1,0,0,0,0,0,0,1,0,0,0,1,0,0
"7600110000000003050108",0,0,1,0,0,0,0,0,0,0,0,0,0,0,1
"7600110000000002220318",0,2,0,1,1,3,2,0,0,2,0,0,3,2,1
"7600110000000002080213",0,0,0,0,1,0,0,0,0,0,0,0,0,0,0
"7600110000000002120202",0,0,1,0,0,0,1,0,1,0,0,0,0,3,1
"7600110000000002110317",1,0,0,1,0,0,0,2,0,0,1,1,1,0,1
"7600110000000002170218",1,1,0,3,2,0,1,2,3,1,2,2,1,4,3
"7600110000000002150109",0,1,1,0,0,3,0,0,1,0,1,2,0,0,1
"7600110000000002200111",0,1,1,1,1,1,1,1,1,1,1,0,2,2,1
"7600110000000002140131",5,4,2,5,4,3,3,6,1,5,1,5,1,3,1
"7600110000000002220304",0,0,1,0,1,2,3,0,3,0,2,0,3,1,1
"7600110000000002210202",2,1,0,0,0,1,0,1,2,2,1,1,1,0,2
"7600110000000002120104",0,0,1,0,1,0,0,0,2,1,1,0,0,1,0
"7600110000000002120311",0,1,0,0,0,0,1,0,0,0,0,1,0,1,0
"7600110000000002210121",0,0,1,3,0,0,1,1,0,0,0,1,1,2,0
"7600110000000003050115",0,0,0,0,1,0,0,0,0,0,0,0,0,0,0
"7600110000000002010212",1,1,0,1,2,0,1,1,1,0,1,1,2,1,0
"7600110000000002200106",0,1,1,0,0,3,1,1,1,0,2,0,3,2,2
"7600110000000002230111",1,1,2,0,1,0,1,6,2,1,0,4,2,0,0
"7600110000000002230313",1,2,0,1,5,1,2,4,2,2,0,1,0,6,1
"7600110000000002230311",3,2,1,1,0,0,1,0,1,1,3,0,2,1,2
"7600110000000002230204",2,1,1,0,4,2,1,1,4,1,0,3,5,2,8
"7600110000000099060115",3,8,8,6,4,5,4,4,8,7,9,5,7,5,8
"7600110000000002080109",0,0,0,1,1,0,0,0,0,0,0,1,0,0,0
"7600110000000002190108",5,5,5,5,7,4,8,7,6,3,8,7,4,2,3
"7600110000000002200123",2,1,1,0,1,0,1,0,1,0,0,2,0,1,1
"7600110000000002170358",4,2,3,2,2,3,2,5,3,1,2,2,3,3,3
"7600110000000002150102",2,1,0,3,1,0,1,1,2,1,2,0,0,0,7
"7600110000000002150104",1,0,2,0,0,0,0,1,1,1,0,0,1,1,2
"7600110000000002120201",0,0,0,1,1,0,1,0,0,0,0,1,0,1,0
"7600110000000002090314",0,0,0,1,0,0,0,2,0,1,0,0,0,0,0
"7600110000000002090209",1,0,0,0,1,0,0,0,1,0,1,0,1,0,0
"7600110000000002060202",0,0,0,0,0,0,0,0,0,0,1,0,0,0,0
"7600110000000002130113",0,0,0,0,0,0,0,0,0,0,0,0,0,0,0
"7600110000000002170202",0,0,0,0,1,0,0,1,0,0,1,0,0,3,0
"7600110000000002020105",2,2,1,3,2,1,1,1,3,1,2,1,4,2,5
"7600110000000002010207",5,3,2,1,1,6,1,1,3,0,4,1,4,1,2
"7600110000000002170318",0,0,0,0,1,0,1,0,1,3,0,1,0,3,0
"7600110000000002010233",3,6,1,2,1,4,0,2,3,4,3,1,1,1,2
"7600110000000004210118",11,7,10,3,5,9,9,8,12,13,9,13,15,11,12
"7600110000000002220219",1,0,1,1,1,1,3,0,0,1,1,3,1,2,2
"7600110000000002220401",1,0,0,0,3,0,1,0,0,2,3,0,2,0,1
"7600110000000002220317",0,1,0,2,0,3,2,0,2,3,0,0,0,1,1
"7600110000000002220410",0,2,0,1,2,0,2,3,0,2,3,2,1,3,2
"7600110000000002220315",0,0,1,1,3,1,0,0,3,6,0,2,0,2,1
"7600110000000002220418",0,0,0,2,0,1,1,0,0,0,1,0,0,1,2
"7600110000000002220403",2,0,0,0,0,0,1,0,1,2,0,0,1,0,1
"7600110000000002220405",0,3,1,1,1,0,1,0,2,3,2,1,1,1,1
"7600110000000002200309",1,0,1,1,1,2,3,2,0,1,1,2,1,1,3
"7600110000000002220306",1,1,2,1,0,1,0,1,1,0,2,1,3,2,0
"7600110000000002180104",4,1,2,1,2,2,1,2,0,1,0,2,2,0,3
"7600110000000002170220",4,9,11,2,3,4,1,5,2,5,6,3,5,6,4
"7600110000000002170115",0,0,1,0,2,0,0,0,0,0,0,0,0,0,0
"7600110000000004070115",2,0,1,0,0,1,0,1,2,1,0,0,0,1,3
"7600110000000002080305",0,0,0,0,0,1,0,0,0,0,1,1,0,0,0
"7600110000000002230309",2,1,0,1,2,2,0,2,2,2,3,0,1,4,1
"7600110000000002170111",1,0,0,0,1,2,0,0,0,0,1,2,1,1,1
"7600110000000002170102",1,0,1,0,0,0,0,0,0,0,0,0,0,0,0
"7600110000000002200109",3,1,3,3,2,3,2,4,3,8,5,3,4,7,2
"7600110000000002220102",10,10,8,9,6,7,9,7,6,10,9,11,9,8,13
"7600110000000002220303",0,1,1,1,1,2,1,0,0,2,2,0,1,0,0
"7600110000000002220301",0,1,0,0,0,2,0,5,0,0,0,1,5,1,0
"7600110000000002170101",3,5,1,2,0,1,1,0,4,2,1,4,4,1,1
"7600110000000002190101",18,18,25,19,20,14,13,12,19,12,10,8,8,15,10
"7600110000000002190111",9,13,13,22,17,19,16,7,17,22,14,26,22,16,16
"7600110000000002190104",15,17,14,16,11,6,7,13,14,15,13,10,9,10,6
"7600110000000002200301",0,0,0,0,1,0,0,0,1,0,0,2,1,2,1
"7600110000000002220416",0,1,0,1,1,0,1,1,1,1,1,0,0,1,1
"7600110000000002090217",1,0,0,0,0,0,0,0,0,0,0,0,0,0,0
"7600110000000002090406",1,0,1,2,0,1,0,2,0,0,1,1,0,1,1
"7600110000000002090415",1,0,2,0,0,0,0,0,1,0,0,0,0,0,1
"7600110000000002140116",0,0,0,1,0,0,0,1,0,0,0,1,0,0,0
"7600110000000002120115",0,1,1,0,0,0,1,0,1,0,0,1,1,2,0
"7600110000000002120203",1,1,0,2,2,0,1,1,0,1,0,0,2,0,1
"7600110000000002060306",2,2,0,2,1,0,1,1,0,1,0,1,2,1,0
"7600110000000002070111",0,0,2,0,0,0,1,1,0,1,0,1,0,1,0
"7600110000000002070109",0,0,0,0,0,0,0,0,0,0,0,0,0,0,1
"7600110000000002070112",0,0,0,0,0,0,0,0,0,0,0,0,0,0,1
"7600110000000002070108",0,1,0,0,0,0,0,0,0,0,1,0,0,0,1
"7600110000000002070104",1,0,2,1,0,3,0,0,1,1,0,0,0,1,1
"7600110000000002230214",4,3,2,3,2,1,4,3,4,1,1,2,1,1,0
"7600110000000002090106",0,0,0,0,0,0,0,0,0,0,0,0,0,0,0
"7600110000000002090112",0,0,0,1,0,0,0,0,0,0,0,0,0,0,0
"7600110000000002090203",0,0,0,0,0,0,1,0,0,0,0,0,0,0,0
"7600110000000002090307",0,0,0,0,0,0,0,0,0,0,0,0,0,0,0
"7600110000000002090206",0,0,0,0,0,0,0,0,0,0,0,0,0,0,0
"7600110000000002080404",1,0,0,0,0,0,0,0,0,0,0,0,0,0,0
"7600110000000002080306",0,0,0,0,0,0,0,0,0,0,0,1,0,0,0
"7600110000000002070110",0,0,1,0,0,1,1,0,1,0,0,1,0,0,0
"7600110000000002080210",0,0,0,0,0,0,0,0,1,0,1,2,0,0,0
"7600110000000002080209",1,0,0,1,1,0,0,1,1,1,0,0,0,0,0
"7600110000000002080113",0,0,0,0,0,0,0,0,0,0,0,0,0,0,0
"7600110000000002080114",0,0,0,0,1,0,0,0,0,0,0,0,0,1,0
"7600110000000002080115",0,0,2,1,0,0,0,0,1,0,1,0,0,0,2
"7600110000000002080116",0,0,0,1,0,0,0,0,1,0,0,0,0,0,0
"7600110000000002060303",1,0,0,1,0,0,0,0,0,0,0,0,0,2,0
"7600110000000002060302",2,1,3,3,2,1,3,0,1,2,0,0,0,0,1
"7600110000000002060305",0,0,0,0,1,0,0,0,0,0,1,0,1,0,1
"7600110000000002120509",2,0,0,1,0,1,1,2,1,2,0,1,2,2,2
"7600110000000002080204",0,0,0,0,0,0,0,0,0,0,0,0,0,0,2
"7600110000000002110318",0,0,1,0,1,0,0,0,0,0,0,0,0,0,0
"7600110000000002110310",0,0,2,0,0,0,1,0,0,2,0,2,1,0,0
"7600110000000002110316",0,0,0,0,1,2,3,0,0,0,0,0,1,1,1
"7600110000000002110307",0,0,0,0,0,1,0,0,0,1,2,0,2,1,1
"7600110000000002110303",2,2,3,0,3,2,2,1,1,4,2,6,4,7,5
"7600110000000002110114",2,3,4,3,3,1,2,2,2,1,2,2,1,0,2
"7600110000000002110112",1,0,0,0,4,1,0,0,1,0,0,0,1,0,0
"7600110000000002100108",1,1,0,1,0,0,0,1,2,1,1,1,0,0,0
"7600110000000002100102",1,2,6,3,4,6,3,5,8,2,6,4,2,5,3
"7600110000000002130203",1,0,0,0,0,0,0,0,0,0,0,0,0,0,0
"7600110000000002150114",0,0,0,0,0,0,0,0,0,0,0,0,0,0,0
"7600110000000002210211",3,1,0,1,0,1,3,0,0,1,2,0,1,1,4
"7600110000000002210117",3,1,1,1,1,2,0,1,4,3,3,0,1,0,2
"7600110000000002210108",0,0,1,1,0,1,1,0,0,0,2,2,1,2,1
"7600110000000002120315",1,0,1,0,1,0,0,0,0,0,0,1,0,2,1
"7600110000000002120307",0,1,0,0,2,0,1,2,1,1,0,0,0,0,2
"7600110000000002120304",2,0,0,0,0,0,2,3,1,0,2,1,3,2,1
"7600110000000002120117",1,0,2,1,1,2,2,2,1,1,0,1,3,1,1
"7600110000000002120103",1,1,0,1,0,0,0,3,2,2,2,1,1,0,1
"7600110000000002120102",1,3,2,1,2,0,0,0,3,0,0,0,1,1,0
"7600110000000002120105",0,2,0,0,0,2,2,0,3,1,0,0,0,0,0
"7600110000000002120510",1,1,0,1,2,0,0,0,3,2,1,2,0,2,1
"7600110000000002120516",0,0,0,0,3,0,1,2,0,0,2,0,0,0,0
"7600110000000002040136",1,0,0,2,3,1,0,0,0,0,1,0,1,0,0
"7600110000000002230327",1,0,0,0,6,0,2,0,0,2,2,1,1,1,0
"7600110000000002120310",0,0,1,0,0,0,2,0,0,1,0,0,0,0,0
"7600110000000002010215",0,0,1,1,1,1,2,1,3,1,0,0,1,1,0
"7600110000000002120312",0,0,1,0,1,0,0,0,0,0,1,0,0,1,0
"7600110000000002120410",0,0,0,0,0,0,0,0,1,0,0,0,1,0,1
"7600110000000002140103",1,0,0,1,0,1,3,4,0,3,2,3,2,1,3
"7600110000000002010232",1,0,0,1,1,0,1,1,0,0,1,0,0,1,1
"7600110000000002030123",2,2,2,1,3,4,0,4,3,3,0,3,3,1,1
"7600110000000002020108",0,0,0,1,0,0,0,2,3,1,2,5,0,0,3
"7600110000000002020109",1,0,1,0,2,0,0,0,1,0,0,2,1,3,1
"7600110000000002010102",0,0,5,1,0,1,2,2,1,1,2,1,0,2,2
"7600110000000002010103",0,1,1,2,0,2,2,0,3,2,1,2,0,0,0
"7600110000000002010204",1,1,0,1,1,0,0,1,3,1,3,0,1,1,0
"7600110000000002010203",0,3,3,1,2,1,1,0,2,1,1,0,0,1,1
"7600110000000002010209",2,0,0,1,1,1,0,0,0,1,1,0,0,0,2
"7600110000000002010205",14,12,9,17,7,10,5,10,7,9,7,4,6,7,4
"7600110000000002030103",3,2,1,3,0,3,3,1,1,1,1,2,3,3,1
"7600110000000002030139",5,8,5,5,7,8,9,4,6,7,10,14,4,9,7
"7600110000000002030115",0,0,0,0,0,2,0,0,1,0,1,1,1,0,0
"7600110000000002030106",0,1,0,0,0,0,0,0,3,1,2,0,1,0,0
"7600110000000002040102",2,0,2,2,2,0,1,0,2,2,3,0,1,2,0
"7600110000000002030107",0,0,0,0,1,0,1,0,0,1,0,0,0,0,0
"7600110000000002040106",2,5,4,2,5,2,4,3,1,6,6,3,5,3,5
"7600110000000002040114",1,0,0,2,0,0,0,0,0,0,1,0,1,0,0
"7600110000000002040112",0,0,0,0,0,0,0,0,0,0,0,0,0,0,0
"7600110000000002050106",2,4,1,3,0,1,3,4,3,3,3,2,2,6,2
"7600110000000002110312",0,1,1,0,1,0,0,0,2,1,1,1,0,0,0
"7600110000000002230208",6,18,13,16,13,12,6,9,16,19,16,18,16,16,16
"7600110000000002050101",1,1,0,1,2,0,1,2,2,2,0,1,1,2,2
"7600110000000002060215",0,0,0,1,0,1,0,1,1,0,0,0,1,1,2
"7600110000000002060207",0,0,0,0,0,0,0,1,0,0,0,0,0,0,2
"7600110000000002060206",0,0,0,0,0,0,0,0,0,0,0,0,0,0,0
"7600110000000002060203",0,0,0,0,0,0,0,0,0,0,0,0,0,0,0
"7600110000000002040139",2,0,1,1,0,1,0,1,1,2,1,0,2,3,1
"7600110000000002040207",0,0,0,0,0,2,1,0,0,0,1,1,1,0,2
"7600110000000002060224",1,0,1,2,1,0,0,1,1,1,0,1,3,0,2
"7600110000000003050109",1,0,1,0,0,1,0,1,0,0,0,0,0,0,0
"7600110000000003050107",1,0,0,0,0,0,0,0,0,0,0,0,0,1,1
"7600110000000003050114",0,2,2,0,2,2,3,2,0,4,1,2,4,0,0
"7600110000000002010220",0,1,0,0,0,0,0,0,0,0,0,0,1,0,1
"7600110000000002030144",2,4,5,4,5,1,3,4,4,3,3,3,7,2,6
"7600110000000002010229",3,2,3,6,1,3,2,1,0,3,0,1,2,1,3
"7600110000000002040124",1,3,0,0,2,3,1,4,3,0,0,3,3,2,2
"7600110000000002090408",0,0,0,0,0,0,2,0,0,0,0,1,0,0,0
"7600110000000002120508",0,1,2,0,0,2,0,0,1,0,3,1,0,0,0
"7600110000000002220311",0,0,1,1,1,0,1,1,0,1,0,1,0,0,2
"7600110000000002170313",0,0,0,0,0,0,0,0,0,0,0,0,0,0,0
"7600110000000002110208",0,0,1,0,2,1,0,0,0,2,0,0,0,1,0
"7600110000000002210115",0,0,0,0,0,1,0,1,0,0,3,0,1,0,1
"7600110000000002030146",1,0,0,0,0,3,0,2,0,3,1,2,2,0,1
"7600110000000002230310",1,0,1,1,1,1,1,1,1,4,0,1,1,0,1
"7600110000000002060115",0,1,1,0,0,0,0,0,0,0,1,0,0,2,0
"7600110000000002200108",4,1,2,3,4,3,4,5,5,5,6,4,7,4,6
"7600110000000002230324",1,1,1,4,0,2,1,0,3,0,1,0,1,2,2
"7600110000000002220404",1,0,1,1,2,1,1,0,0,1,0,0,1,1,0
"7600110000000002080311",1,0,0,1,1,0,0,0,0,0,0,0,0,1,0
"7600110000000002110314",0,1,0,0,0,1,0,0,0,0,0,1,1,0,3
"7600110000000002050108",0,0,0,0,0,0,0,0,0,1,1,0,0,0,0
"7600110000000002130405",1,1,1,0,0,1,1,0,2,0,1,0,2,1,1
"7600110000000002200303",1,0,0,1,0,1,1,0,1,0,1,0,1,0,0
"7600110000000002030150",18,16,9,15,11,7,9,10,7,6,7,6,5,9,8
"7600110000000002230314",1,0,1,1,1,0,2,1,2,1,1,0,0,4,1
