"manzanac","ed1","ed2","ed3","ed4","ed5","ed6","ed7","ed8","ed9","ed10","ed11","ed12","ed13","ed14","ed15"
"7600110000000017020125",8,11,14,15,16,12,11,11,14,16,11,16,14,18,19
"7600110000000017330132",0,1,1,2,1,1,1,0,3,3,3,3,1,7,3
"7600110000000017320106",4,2,4,4,2,0,3,1,2,3,3,0,0,2,1
"7600110000000017110211",0,1,1,2,3,3,3,1,0,4,0,0,1,1,3
"7600110000000019010122",3,1,3,0,3,2,2,4,1,1,5,4,1,6,4
"7600110000000017210414",0,0,0,1,1,0,0,0,0,2,1,2,0,2,0
"7600110000000019290205",1,2,0,0,0,1,0,0,0,0,0,0,1,1,1
"7600110000000015080135",1,1,1,0,0,0,1,1,0,0,2,2,0,1,2
"7600110000000017360530",1,3,6,3,2,2,2,7,3,4,6,7,3,2,1
"7600110000000017090324",2,2,2,1,1,2,2,2,1,2,4,2,9,1,1
"7600110000000002110304",7,4,6,6,5,8,7,1,5,3,8,6,9,6,4
"7600110000000017090223",0,1,0,1,1,0,1,1,2,1,2,0,0,2,1
"7600110000000015080211",0,2,0,1,2,2,1,3,1,1,0,2,0,1,1
"7600110000000019370104",0,0,2,0,0,1,0,0,0,1,3,1,0,0,1
"7600110000000017320112",1,5,2,4,2,2,4,6,2,7,2,0,3,6,2
"7600110000000015080137",1,2,2,0,1,2,0,2,1,2,2,0,1,4,2
"7600110000000017150219",0,0,0,0,3,0,1,0,0,0,0,0,0,1,0
"7600110000000017060107",1,0,2,3,2,3,2,3,1,1,5,2,0,3,7
"7600110000000017160926",4,0,1,0,0,0,0,2,1,0,1,1,2,3,0
"7600110000000002140136",0,3,4,1,4,2,6,2,1,3,2,7,1,2,2
"7600110000000017160845",0,1,0,0,2,0,0,0,0,0,1,4,0,0,0
"7600110000000019010140",0,0,1,0,0,1,1,2,2,0,0,2,0,1,0
"7600110000000017130136",0,0,1,1,0,1,1,0,0,1,0,1,1,0,1
"7600110000000017150109",2,1,2,1,0,1,1,1,0,2,4,3,0,1,2
"7600110000000017150302",2,1,4,1,1,1,2,1,0,0,3,0,0,1,0
"7600110000000017350104",4,1,6,4,5,4,3,5,4,4,7,2,6,7,4
"7600110000000002110203",0,0,0,0,0,0,0,0,0,0,1,0,0,0,1
"7600110000000017160923",2,3,1,1,2,0,1,0,0,0,1,1,1,1,0
"7600110000000017150319",1,0,0,0,0,1,0,2,0,1,1,1,1,0,1
"7600110000000019050119",0,0,0,0,0,0,0,1,0,0,0,1,2,2,1
"7600110000000019050105",1,1,0,2,1,0,1,0,1,1,1,1,0,1,0
"7600110000000002090114",0,0,0,0,0,0,0,0,0,0,0,1,0,0,1
"7600110000000019040110",4,1,1,1,0,2,1,1,2,0,0,0,0,0,1
"7600110000000017250312",0,0,2,1,1,1,1,0,0,0,0,1,0,0,1
"7600110000000019040101",0,0,1,2,0,1,0,0,1,1,0,0,0,2,2
"7600110000000002010314",1,0,0,0,1,0,0,0,0,2,3,1,0,3,0
"7600110000000017300103",0,0,1,0,0,1,0,0,0,0,0,1,0,0,0
"7600110000000002130312",0,1,0,0,0,1,1,0,1,0,2,1,1,0,0
"7600110000000019400209",1,2,2,0,0,1,0,1,0,0,0,1,0,3,0
"7600110000000010010219",2,1,0,0,1,2,0,2,2,1,2,1,1,4,0
"7600110000000019150102",5,2,5,6,5,3,5,8,9,8,4,16,9,11,20
"7600110000000010010117",2,1,0,4,0,2,1,5,1,1,0,1,3,2,4
"7600110000000010010105",1,2,0,2,2,2,4,1,0,1,1,2,1,2,0
"7600110000000017360269",2,4,1,2,4,3,4,2,1,0,2,4,0,0,2
"7600110000000015080210",1,0,0,1,1,0,2,0,0,1,1,1,1,0,1
"7600110000000002040142",2,0,1,1,0,1,2,1,1,1,4,1,3,1,1
"7600110000000017210207",0,1,0,2,0,2,0,0,1,0,1,0,0,0,1
"7600110000000002220309",1,1,2,2,0,0,1,4,0,4,1,1,0,2,2
"7600110000000002120501",2,3,0,1,0,2,0,0,0,0,1,0,0,0,1
"7600110000000010010112",1,0,1,0,3,0,1,0,2,1,0,0,1,1,2
"7600110000000019250115",0,1,3,1,0,0,1,3,1,2,1,1,2,1,1
"7600110000000017360529",8,7,6,4,6,5,3,7,7,2,3,7,4,2,6
"7600110000000017210209",2,0,1,1,0,1,0,2,1,0,0,0,0,0,0
"7600110000000017180115",2,1,3,1,1,8,4,3,5,3,2,3,5,6,5
"7600110000000017030153",2,0,0,0,1,0,2,0,2,1,0,0,0,0,0
"7600110000000017250202",0,1,0,0,1,0,2,1,3,0,0,0,3,1,1
"7600110000000002060118",0,0,0,0,0,0,0,1,1,1,1,2,1,0,0
"7600110000000017360250",0,1,0,0,0,2,0,0,0,1,1,1,0,0,0
"7600110000000017330139",2,4,8,4,5,3,1,2,6,3,2,0,2,5,3
"7600110000000017210118",1,0,0,1,0,0,0,0,0,1,0,0,0,0,0
"7600110000000019250108",0,2,0,0,4,0,1,0,1,1,3,1,2,0,3
"7600110000000017360536",1,1,1,2,0,1,1,2,2,1,2,0,1,1,2
"7600110000000010010216",0,0,2,1,0,2,0,2,0,1,1,0,0,2,1
"7600110000000002110106",3,2,3,4,5,7,2,1,7,2,3,7,8,4,6
"7600110000000002120206",1,2,0,0,2,0,1,0,1,0,2,1,2,1,4
"7600110000000017150206",0,0,2,2,2,0,0,2,1,2,1,2,0,1,1
"7600110000000017360419",1,2,0,1,1,0,1,0,4,1,0,0,3,2,1
"7600110000000017360556",5,6,10,4,6,3,3,5,2,3,0,4,1,2,8
"7600110000000017220114",5,3,3,7,0,3,3,4,3,4,3,3,5,1,3
"7600110000000002120208",0,0,0,3,1,1,0,2,0,0,1,0,0,0,2
"7600110000000002120513",0,3,0,4,0,3,0,1,1,2,0,1,0,1,0
"7600110000000017330134",0,0,0,0,0,1,0,1,0,0,0,1,0,0,0
"7600110000000019030111",1,1,0,1,0,1,1,1,0,2,1,0,3,1,0
"7600110000000017310205",2,7,9,3,4,8,8,6,6,1,4,4,5,7,2
"7600110000000017070103",2,1,1,3,0,1,2,2,1,1,1,0,0,0,2
"7600110000000015080113",0,1,0,3,0,2,2,2,1,1,1,0,2,1,1
"7600110000000017250407",0,0,0,1,0,0,0,0,0,0,1,1,0,1,1
"7600110000000019330218",0,0,0,0,1,0,0,1,0,0,1,0,0,0,0
"7600110000000017170111",1,2,2,4,2,5,5,4,4,4,3,3,6,1,5
"7600110000000017360314",1,3,1,1,1,1,1,0,1,0,0,2,0,1,0
"7600110000000017340106",4,0,0,1,1,2,1,1,1,3,3,4,2,2,2
"7600110000000002040211",0,1,3,3,1,1,2,1,0,1,1,2,2,1,2
"7600110000000017160840",1,1,2,1,2,2,1,6,3,1,5,4,6,4,2
"7600110000000002080110",0,0,0,0,0,0,0,1,0,1,0,0,0,0,0
"7600110000000002140104",1,0,0,0,2,2,0,0,1,1,0,0,0,0,1
"7600110000000002220211",1,2,1,1,0,0,1,1,2,1,0,1,0,2,0
"7600110000000017330157",5,6,2,5,5,3,6,7,6,3,5,8,4,5,2
"7600110000000002200117",2,0,0,1,0,1,4,1,2,0,2,3,1,0,1
"7600110000000002220112",1,0,1,2,1,0,0,1,1,1,0,1,0,0,0
"7600110000000017200105",3,0,2,1,2,1,1,1,2,2,3,2,5,4,1
"7600110000000019290203",1,1,3,0,4,2,1,1,1,0,4,0,3,2,1
"7600110000000017130133",0,1,0,1,4,0,1,2,0,1,1,3,1,1,4
"7600110000000017150413",0,0,1,0,0,2,1,0,0,1,0,0,0,0,0
"7600110000000002130305",1,1,3,2,1,2,0,0,2,0,0,0,2,1,0
"7600110000000002200213",3,2,0,0,0,1,3,3,0,0,0,0,1,1,3
"7600110000000017150104",0,0,0,0,0,0,0,1,0,0,0,0,0,0,0
"7600110000000002210219",0,0,0,0,0,1,0,1,1,0,1,0,0,1,1
"7600110000000019290119",10,5,4,6,5,7,5,14,7,6,5,7,4,9,12
"7600110000000017210112",0,0,0,0,1,1,2,3,2,1,0,0,3,1,1
"7600110000000017210412",1,3,2,3,2,1,3,4,3,1,2,2,2,3,3
"7600110000000019230108",1,3,3,2,5,2,5,3,2,3,5,2,4,7,3
"7600110000000019150301",0,6,4,3,5,5,1,4,2,6,3,9,9,8,6
"7600110000000017150402",2,0,0,2,0,0,1,0,0,0,0,0,0,2,0
"7600110000000002090105",0,0,1,0,1,3,0,0,0,0,1,0,0,0,1
"7600110000000017360115",0,0,1,0,0,1,2,0,0,0,0,1,1,1,1
"7600110000000015080330",1,0,1,0,0,0,1,0,0,0,0,0,0,0,0
"7600110000000019230109",2,2,2,1,0,0,1,2,4,3,3,0,1,0,2
"7600110000000010010203",1,0,3,3,0,1,2,2,0,3,2,0,0,1,2
"7600110000000017220103",0,0,0,0,0,2,1,0,1,1,0,0,0,0,0
"7600110000000019010215",0,0,1,0,0,1,1,2,1,3,0,1,1,1,0
"7600110000000017070112",11,12,10,5,10,9,10,8,6,8,7,2,7,7,2
"7600110000000019060108",1,2,1,1,0,2,2,2,2,1,1,1,1,0,0
"7600110000000019150202",1,0,0,1,2,1,2,0,2,3,2,1,2,2,3
"7600110000000017250313",0,0,1,0,0,0,2,0,1,3,2,1,0,1,2
"7600110000000015080143",0,2,1,1,0,0,0,0,1,0,0,0,3,1,2
"7600110000000015080204",0,1,0,0,2,1,1,2,0,2,3,1,2,1,1
"7600110000000017360320",1,0,1,0,1,0,2,2,3,1,0,0,2,1,2
"7600110000000010060106",0,2,1,2,1,1,0,0,2,0,1,2,3,4,0
"7600110000000005080206",6,2,5,5,2,5,3,3,7,4,2,7,2,3,5
"7600110000000019300113",4,4,5,4,2,6,3,4,4,2,5,6,8,3,6
"7600110000000010010115",1,3,0,1,1,2,1,1,0,0,3,4,0,3,3
"7600110000000017360263",0,0,0,0,1,0,0,2,0,0,1,2,1,0,0
"7600110000000017150516",2,2,2,2,6,3,2,3,0,6,2,5,2,0,2
"7600110000000015080238",2,2,1,0,0,1,0,3,1,1,0,1,0,4,2
"7600110000000017070104",0,2,1,0,1,2,4,0,3,6,0,3,4,4,3
"7600110000000017140138",5,9,6,11,8,11,16,16,12,11,11,10,22,18,11
"7600110000000017070110",3,4,3,3,1,2,4,3,4,6,5,5,6,3,8
"7600110000000002170333",0,0,1,0,0,0,0,0,2,0,1,0,3,3,2
"7600110000000019010326",3,1,2,2,3,2,2,3,1,3,3,1,2,2,1
"7600110000000002150117",0,0,0,0,3,0,0,0,2,1,1,1,0,1,0
"7600110000000017060112",0,0,0,0,1,1,0,0,0,2,0,1,3,1,2
"7600110000000017210206",0,1,1,0,0,0,2,0,1,0,0,0,1,0,0
"7600110000000017190123",2,0,0,1,1,0,1,1,1,1,2,1,1,1,0
"7600110000000017160847",0,1,1,0,2,0,0,0,0,0,0,3,0,0,2
"7600110000000002200120",5,6,2,5,1,2,5,2,2,0,5,2,1,8,10
"7600110000000019030210",4,4,5,4,11,8,14,9,6,6,10,8,10,10,6
"7600110000000017140110",3,0,1,1,0,1,5,2,0,5,5,4,2,2,2
"7600110000000019250202",1,4,2,1,4,3,3,0,2,0,2,0,3,0,3
"7600110000000019370103",1,1,1,2,2,0,0,3,1,1,0,0,0,0,1
"7600110000000017200106",2,1,0,0,0,1,2,0,1,1,3,0,3,2,1
"7600110000000010060109",1,1,5,1,2,4,0,4,0,3,1,1,6,3,0
"7600110000000017150301",0,0,0,2,3,0,1,0,1,0,1,0,0,2,0
"7600110000000019250113",0,2,4,2,0,5,2,2,1,0,1,1,0,3,1
"7600110000000019030207",1,1,0,3,2,2,3,4,2,2,2,0,2,1,0
"7600110000000017330128",1,1,0,0,2,2,0,0,0,4,1,2,2,1,2
"7600110000000002060311",0,0,0,0,0,1,0,1,0,0,1,0,0,0,2
"7600110000000019010131",4,6,3,6,9,1,4,4,2,0,3,5,2,2,6
"7600110000000002060315",0,0,0,0,2,0,0,1,1,3,0,3,1,3,2
"7600110000000019160101",4,1,3,1,0,2,2,0,1,3,2,1,2,4,3
"7600110000000002130215",1,0,0,1,0,0,0,0,0,0,0,0,1,1,0
"7600110000000017070107",1,1,0,1,6,1,1,2,5,5,4,2,5,3,3
"7600110000000017360531",6,12,12,6,6,6,8,11,10,8,4,6,9,6,3
"7600110000000002110101",15,8,5,4,4,9,1,5,5,3,6,4,6,3,6
"7600110000000017210408",0,1,0,0,0,1,0,1,0,0,1,0,0,0,0
"7600110000000017330137",2,0,1,0,1,1,4,8,1,1,5,5,2,5,8
"7600110000000015080237",3,4,7,4,4,8,4,7,2,5,4,4,7,6,5
"7600110000000017090327",1,1,2,1,2,2,2,4,2,1,1,3,2,4,2
"7600110000000017160851",3,0,1,0,1,1,0,2,1,0,0,1,0,0,2
"7600110000000002040133",1,0,0,1,1,1,0,0,0,0,1,1,2,0,1
"7600110000000010010217",1,1,1,0,2,1,1,0,0,2,0,1,0,0,1
"7600110000000017360267",8,5,9,9,3,5,8,5,5,0,6,2,4,7,6
"7600110000000019230209",1,4,0,1,1,1,1,2,0,0,2,0,1,1,0
"7600110000000017300203",1,0,0,1,0,0,0,0,1,0,2,3,2,1,0
"7600110000000002150113",1,2,0,3,0,1,1,2,0,1,0,1,1,1,0
"7600110000000017360421",0,2,0,2,1,1,1,0,0,0,0,1,1,2,1
"7600110000000017160841",2,2,2,1,2,7,1,2,0,2,0,3,1,0,1
"7600110000000015080215",2,2,2,0,0,1,2,0,1,1,1,3,4,0,1
"7600110000000017160939",1,1,2,0,0,0,1,1,1,1,2,0,0,2,0
"7600110000000019160109",16,18,9,11,13,17,10,19,19,7,19,16,11,11,21
"7600110000000019190119",4,0,0,3,4,1,0,1,1,0,3,1,1,5,4
"7600110000000017360403",1,1,0,0,0,0,1,2,1,0,1,0,0,1,2
"7600110000000017360521",4,5,2,7,3,11,4,6,3,4,6,5,11,8,4
"7600110000000017160951",0,0,1,1,0,1,1,1,1,0,0,0,0,1,0
"7600110000000015080147",0,0,0,0,0,0,1,1,2,1,2,1,0,3,3
"7600110000000017160963",2,3,1,5,2,8,2,1,2,3,3,3,2,2,3
"7600110000000017070113",1,4,4,3,4,2,3,3,1,1,3,3,6,1,4
"7600110000000002130101",0,1,0,1,0,0,1,0,0,0,0,0,1,1,2
"7600110000000002090211",2,0,0,0,1,0,0,1,0,0,0,0,0,0,0
"7600110000000002030104",0,4,1,3,2,6,2,0,2,0,0,2,1,2,3
"7600110000000017250212",0,0,2,2,3,3,3,2,1,2,1,1,1,1,0
"7600110000000019260115",0,1,0,0,0,0,1,0,0,0,0,0,0,2,0
"7600110000000019230103",0,1,1,1,0,2,2,5,1,2,4,2,0,2,1
"7600110000000019220201",2,0,2,2,0,1,2,3,0,0,3,0,1,2,1
"7600110000000017330124",2,1,4,1,0,2,2,1,1,2,1,1,2,5,3
"7600110000000015080229",0,0,0,1,0,0,0,1,0,0,1,0,0,2,0
"7600110000000019010132",6,1,0,4,2,3,2,2,3,1,5,3,6,6,5
"7600110000000017090202",3,2,2,0,2,0,0,2,0,2,2,2,4,3,1
"7600110000000002060312",0,0,0,1,0,0,1,0,0,2,0,0,0,0,0
"7600110000000005080202",4,8,7,5,10,5,10,4,8,10,9,5,6,8,2
"7600110000000017360406",2,2,1,3,1,2,3,0,2,2,1,5,0,2,2
"7600110000000017070114",1,0,1,0,2,4,2,5,1,6,2,2,6,3,2
"7600110000000015080312",0,1,2,2,0,1,0,2,0,2,0,1,2,1,1
"7600110000000017210315",1,2,3,3,6,4,0,5,1,4,6,3,6,6,2
"7600110000000002110110",0,1,1,0,1,0,0,0,0,0,0,0,0,0,1
"7600110000000019030209",0,5,4,3,2,2,4,3,4,4,6,3,1,6,3
"7600110000000015080141",3,0,1,1,1,1,2,1,1,1,0,0,0,1,2
"7600110000000019200103",1,0,0,0,0,1,0,2,1,1,0,1,7,0,1
"7600110000000017210314",1,4,0,2,2,4,0,0,4,0,1,3,1,4,2
"7600110000000017330133",1,3,4,2,2,5,1,2,4,3,3,2,4,0,4
"7600110000000002120314",3,1,1,2,2,1,2,0,1,0,1,2,0,0,1
"7600110000000010060110",4,2,0,1,3,1,3,3,0,2,1,2,1,2,1
"7600110000000019220214",2,2,0,1,0,0,1,0,2,1,1,1,1,3,0
"7600110000000017030202",3,1,1,0,0,0,0,1,1,1,2,0,1,0,0
"7600110000000019020127",0,2,2,0,1,0,0,0,3,2,1,4,2,1,3
"7600110000000019360107",1,0,0,1,0,1,0,0,1,2,1,4,0,1,2
"7600110000000002110402",0,2,0,2,0,2,0,0,3,1,1,2,2,2,1
"7600110000000019210108",0,0,0,0,0,3,0,0,0,1,1,0,0,0,1
"7600110000000017250315",5,3,6,4,6,6,5,3,7,6,7,3,3,11,7
"7600110000000017060108",1,0,0,1,2,2,1,1,2,3,4,3,2,2,4
"7600110000000019400212",0,0,0,0,0,2,0,1,0,0,0,2,0,0,0
"7600110000000017320105",1,3,5,9,3,7,10,9,3,12,7,12,8,7,9
"7600110000000002110208",0,0,1,0,2,1,0,0,0,2,0,0,0,1,0
"7600110000000002070117",0,1,0,3,0,0,0,0,0,3,0,0,2,0,1
"7600110000000019190108",0,1,0,1,1,0,0,0,0,0,0,0,2,0,1
"7600110000000017160958",0,0,1,0,0,0,0,0,2,0,0,1,3,0,0
"7600110000000002080302",0,0,1,0,0,0,0,0,0,1,0,0,0,0,0
"7600110000000019370108",0,0,2,0,0,2,1,0,0,1,0,0,1,2,0
"7600110000000017160718",0,1,0,2,1,0,0,1,2,1,1,0,2,1,1
"7600110000000019300101",3,1,0,1,1,1,0,2,0,2,0,0,1,1,0
"7600110000000019250105",0,1,0,1,0,0,0,3,1,1,0,1,1,2,0
"7600110000000017090232",1,3,2,5,1,2,1,3,4,3,4,7,1,2,1
"7600110000000017200110",5,5,4,2,4,11,6,4,5,6,7,4,10,13,6
"7600110000000002170112",0,1,1,1,1,1,1,0,1,0,1,0,1,2,0
"7600110000000019050102",0,0,0,1,1,0,0,0,0,0,1,1,1,1,0
"7600110000000019290207",0,1,1,1,0,2,0,0,0,3,1,0,2,0,0
"7600110000000017260125",11,16,17,13,13,11,16,12,14,14,14,20,15,14,16
"7600110000000002220310",1,3,2,0,0,2,1,1,0,2,1,3,0,1,1
"7600110000000019010112",0,1,0,2,0,0,0,1,2,0,2,0,0,0,2
"7600110000000019310204",2,7,9,7,4,6,10,6,7,3,6,2,1,5,6
"7600110000000002210201",0,1,1,1,2,1,0,0,1,0,1,0,1,1,1
"7600110000000010020205",1,1,1,1,2,0,1,0,0,3,0,2,3,2,1
"7600110000000019390112",0,1,2,2,2,1,1,0,1,1,1,0,1,0,0
"7600110000000017340113",4,4,4,5,3,4,9,1,6,5,3,8,3,2,7
"7600110000000015080217",0,1,2,1,1,1,0,0,1,0,2,0,0,1,2
"7600110000000017070101",3,6,3,3,6,5,3,4,6,8,4,6,12,7,8
"7600110000000019420123",1,0,0,0,0,0,1,2,0,2,2,1,3,0,1
"7600110000000017360407",3,2,2,1,1,3,4,3,3,5,1,4,1,4,2
"7600110000000017020126",1,0,0,1,2,0,1,1,1,0,2,2,1,1,1
"7600110000000019390110",0,3,1,1,1,4,2,2,2,3,3,3,1,6,2
"7600110000000017210133",1,0,0,0,0,0,0,1,0,1,0,0,0,1,0
"7600110000000019020115",2,1,4,5,3,3,2,2,5,9,11,4,5,6,3
"7600110000000017220115",0,1,0,0,1,1,2,2,2,3,1,2,4,2,2
"7600110000000019110102",3,1,0,1,1,0,3,0,1,0,0,0,1,0,0
"7600110000000019100102",0,1,1,1,2,0,0,1,0,2,0,1,2,1,2
"7600110000000019380103",0,0,0,1,3,1,0,1,0,1,3,0,0,1,2
"7600110000000015080202",0,0,1,0,0,2,0,2,2,1,0,1,0,1,3
"7600110000000017160516",0,2,0,0,1,1,2,0,0,0,0,0,0,0,1
"7600110000000017160850",2,0,0,0,1,0,0,0,1,1,0,3,0,2,0
"7600110000000017090109",0,0,0,0,0,0,0,0,0,1,1,0,2,0,2
"7600110000000002210206",0,0,1,0,1,0,1,1,1,2,1,2,1,2,2
"7600110000000019330113",0,1,0,0,1,0,0,0,0,1,0,1,0,0,0
"7600110000000002220421",10,13,5,8,10,12,10,11,5,16,10,11,7,8,9
"7600110000000019050115",0,1,0,0,0,3,0,0,0,0,0,0,1,0,0
"7600110000000019060104",0,2,2,4,2,1,1,1,2,2,2,3,1,3,1
"7600110000000017150208",0,0,0,1,0,1,1,0,1,0,0,1,1,0,3
"7600110000000010020204",1,1,0,2,0,0,1,1,1,0,2,1,0,2,3
"7600110000000002090311",0,0,0,0,0,0,0,0,0,0,1,0,0,1,0
"7600110000000019190103",0,0,0,1,1,1,0,1,2,0,1,0,0,0,2
"7600110000000019350112",0,0,1,0,0,0,0,0,1,1,0,0,0,0,0
"7600110000000017360120",2,4,2,4,2,5,3,3,1,5,8,4,2,4,4
"7600110000000017150218",0,0,1,1,0,0,2,0,1,2,1,0,2,0,0
"7600110000000019020129",4,5,9,8,5,5,9,3,7,3,11,5,5,9,3
"7600110000000019350210",0,0,0,0,2,0,0,0,0,1,1,2,0,0,1
"7600110000000017320103",4,4,3,3,0,2,7,4,1,4,1,3,4,1,2
"7600110000000019400106",0,0,2,0,0,0,2,1,1,0,0,0,1,0,0
"7600110000000017160837",2,2,0,1,0,1,2,1,2,1,3,2,0,0,1
"7600110000000002220105",1,0,0,1,1,0,0,1,4,2,1,0,1,2,2
"7600110000000002090418",0,1,1,0,2,0,0,0,0,0,1,1,0,0,1
"7600110000000002220216",1,1,1,1,1,4,1,1,0,2,1,0,2,2,0
"7600110000000017160929",1,0,0,0,0,1,1,0,0,4,1,3,1,2,0
"7600110000000017150408",0,1,0,0,1,1,0,0,4,0,1,0,0,0,0
"7600110000000010020114",0,1,0,0,0,0,2,1,2,0,0,0,0,0,1
"7600110000000002110409",0,0,0,0,1,0,1,0,0,0,1,2,2,0,1
"7600110000000015080242",1,3,4,1,0,0,0,0,1,1,1,1,0,2,0
"7600110000000017170126",4,1,6,7,6,10,7,3,6,9,11,9,8,8,5
"7600110000000019290204",4,3,1,2,0,1,1,1,2,2,2,0,0,2,2
"7600110000000017360266",0,0,2,0,1,2,0,2,0,0,1,1,2,2,1
"7600110000000017090227",4,0,1,2,3,4,3,0,4,2,2,4,3,3,1
"7600110000000002220407",1,1,1,2,0,0,0,2,2,2,0,5,2,2,1
"7600110000000002130205",1,0,0,0,0,0,1,0,0,1,0,0,0,1,1
"7600110000000017320102",0,0,0,0,0,0,1,0,0,1,0,0,0,0,1
"7600110000000017170125",1,1,3,0,3,2,3,0,0,5,0,1,3,2,3
"7600110000000017300112",2,2,2,2,2,3,3,1,4,4,3,2,3,3,3
"7600110000000017090201",4,2,0,0,1,3,0,0,0,2,1,2,1,1,3
"7600110000000017050405",5,6,6,8,7,6,2,9,9,5,11,4,5,8,8
"7600110000000002120309",1,0,0,0,1,0,0,0,0,0,0,1,0,1,1
"7600110000000019350205",5,3,6,2,6,8,3,3,5,3,5,2,4,6,3
"7600110000000010030103",2,1,2,0,3,3,0,3,0,1,2,1,2,0,4
"7600110000000002130117",0,1,0,0,0,1,0,1,0,0,0,0,0,0,0
"7600110000000017260106",0,1,0,1,1,0,0,0,0,1,0,2,2,0,1
"7600110000000002030142",1,1,2,3,1,1,2,4,3,2,1,0,2,4,2
"7600110000000002140132",4,6,4,3,3,1,0,1,2,5,3,4,2,5,6
"7600110000000017360413",0,0,1,1,0,0,0,1,0,1,1,1,1,1,1
"7600110000000019010141",2,1,0,0,0,4,5,2,2,1,3,1,1,4,2
"7600110000000019040108",0,0,0,0,0,2,0,1,1,0,1,0,2,0,0
"7600110000000002120308",0,0,0,0,0,1,0,0,0,0,0,0,0,0,1
"7600110000000017310103",1,1,1,1,1,1,1,0,1,1,0,1,0,3,1
"7600110000000004090103",0,0,0,1,0,2,0,0,0,0,1,1,5,0,0
"7600110000000017160924",0,0,0,1,0,0,0,0,0,1,2,0,0,0,0
"7600110000000017340219",1,3,0,0,0,1,2,3,4,2,3,6,5,1,3
"7600110000000019350204",1,0,1,1,0,0,1,2,0,0,0,3,2,0,2
"7600110000000002200107",0,2,2,0,3,1,1,0,1,2,0,0,0,2,0
"7600110000000010010209",1,2,0,0,5,2,2,2,1,2,3,0,1,0,2
"7600110000000010020105",0,3,0,1,0,2,1,1,3,1,3,1,2,2,1
"7600110000000017300204",2,1,6,2,2,1,2,1,0,3,2,0,0,0,2
"7600110000000017360103",4,4,1,2,4,6,5,7,7,11,3,2,7,13,6
"7600110000000017030139",1,0,0,0,0,2,2,0,0,0,3,0,1,1,3
"7600110000000002220305",0,0,0,0,0,1,1,0,0,3,0,2,2,0,1
"7600110000000017220113",0,0,1,0,2,1,1,1,0,1,2,1,0,1,1
"7600110000000002200116",1,0,3,2,1,0,0,1,1,0,0,1,0,1,4
"7600110000000019140122",0,1,0,0,2,2,0,2,1,1,3,1,0,2,3
"7600110000000002110321",0,1,0,1,1,3,0,1,0,2,0,1,1,2,4
"7600110000000005080101",11,9,16,10,12,13,13,19,21,20,28,20,16,20,13
"7600110000000019250114",1,0,2,2,0,4,1,1,0,0,0,1,0,3,1
"7600110000000017150111",1,2,2,0,0,1,0,1,1,0,0,0,1,0,0
"7600110000000017360429",1,0,0,2,0,0,0,0,1,1,1,0,0,0,2
"7600110000000020130219",13,12,12,11,9,8,10,8,5,6,9,4,6,3,6
"7600110000000019020124",0,0,2,0,2,1,0,2,0,0,1,0,2,3,1
"7600110000000010030202",1,1,0,1,3,3,3,0,2,1,3,1,1,1,2
"7600110000000019020102",1,1,1,0,0,0,2,0,0,2,2,0,1,1,0
"7600110000000010030206",0,2,0,1,1,3,1,0,3,0,0,1,3,1,5
"7600110000000017160932",0,0,1,0,0,1,1,1,0,2,0,1,1,0,1
"7600110000000002220408",0,1,0,0,0,0,1,0,1,1,1,1,1,2,3
"7600110000000010030109",5,1,3,2,2,5,6,1,11,3,8,7,4,6,5
"7600110000000002110205",0,1,0,1,0,0,0,2,0,0,0,1,2,1,0
"7600110000000020140106",2,5,2,1,2,0,1,4,1,4,1,5,2,3,2
"7600110000000019290212",0,0,2,1,1,1,0,0,2,0,0,0,4,2,1
"7600110000000019290105",4,6,6,0,4,8,8,8,3,8,8,9,6,7,6
"7600110000000017160506",0,0,0,3,1,1,0,1,1,1,3,1,1,0,1
"7600110000000019290108",2,4,0,3,1,1,1,0,0,2,1,0,2,3,2
"7600110000000017360512",6,2,3,7,3,1,7,2,9,7,6,9,5,9,8
"7600110000000019370207",0,0,2,0,0,0,1,0,0,0,1,0,1,1,2
"7600110000000017160954",0,1,0,0,0,0,0,1,0,0,0,1,0,0,1
"7600110000000019150205",2,5,8,1,5,4,7,2,5,5,2,5,8,1,6
"7600110000000017090316",0,0,2,1,2,2,1,0,2,1,4,1,2,0,4
"7600110000000017220108",0,1,0,2,0,0,1,0,0,1,1,0,2,0,0
"7600110000000017160947",0,0,1,1,0,0,0,1,1,1,2,1,1,2,0
"7600110000000019350208",0,2,0,0,1,1,1,1,0,1,0,0,0,0,1
"7600110000000019330107",0,1,0,1,0,0,0,0,0,1,1,0,1,2,1
"7600110000000002170103",1,0,0,0,1,0,0,0,0,1,1,0,0,0,1
"7600110000000019250311",1,1,3,1,2,0,1,0,0,2,0,1,2,5,2
"7600110000000004200210",3,1,0,0,1,1,1,0,1,1,1,0,0,1,2
"7600110000000017360542",1,3,4,2,1,1,3,0,1,1,2,0,0,1,4
"7600110000000017110204",2,7,7,4,1,1,5,2,4,7,7,7,5,11,15
"7600110000000019220223",1,3,2,0,3,2,0,0,2,6,1,2,3,3,1
"7600110000000017160835",0,2,0,1,0,1,1,1,0,1,1,1,0,0,0
"7600110000000019010203",1,0,1,2,1,1,2,3,1,1,2,2,1,2,0
"7600110000000017160959",2,1,3,1,2,0,0,0,0,2,3,1,0,2,0
"7600110000000017360423",9,8,12,5,9,3,4,8,4,6,3,7,8,2,2
"7600110000000017040302",0,0,0,0,1,1,2,1,1,2,1,0,1,1,3
"7600110000000017090323",1,1,1,0,0,2,2,5,0,3,2,3,4,2,5
"7600110000000017070108",0,1,1,4,2,0,0,1,2,5,4,4,4,2,3
"7600110000000002190107",7,14,12,10,9,18,13,11,8,10,14,10,4,13,8
"7600110000000017160719",3,7,8,5,5,9,5,6,8,5,4,4,5,6,8
"7600110000000017160736",1,0,2,0,0,0,0,1,2,1,0,1,2,4,2
"7600110000000017150215",1,1,2,1,1,4,1,2,1,2,1,3,1,4,2
"7600110000000019230107",0,1,0,3,1,0,2,1,3,2,1,3,3,1,4
"7600110000000017160935",1,0,2,2,1,1,2,0,1,1,2,2,1,0,0
"7600110000000010060107",2,1,3,3,2,2,2,3,2,3,1,0,2,5,0
"7600110000000017260107",1,2,0,0,0,1,1,2,0,2,0,0,3,0,0
"7600110000000017360414",0,0,0,1,1,0,0,0,0,0,0,2,0,0,0
"7600110000000017240106",0,1,0,0,0,0,0,0,1,1,0,1,1,0,1
"7600110000000017160857",0,0,1,0,0,0,2,1,0,1,0,0,2,1,2
"7600110000000010020115",3,0,2,0,1,2,0,1,2,3,1,0,1,0,2
"7600110000000017150101",5,4,5,3,3,2,4,2,3,5,3,3,3,2,5
"7600110000000017150217",1,2,0,2,3,0,2,4,2,3,5,3,3,2,2
"7600110000000017360311",2,2,1,1,0,2,1,1,1,4,3,0,0,3,0
"7600110000000017360316",1,1,0,0,0,1,2,2,1,0,0,0,2,3,1
"7600110000000019120103",4,1,5,0,5,3,2,2,3,3,1,1,0,3,4
"7600110000000017320113",2,0,3,1,1,2,3,1,4,1,3,2,0,1,1
"7600110000000017360510",7,10,6,8,3,7,10,15,7,9,4,6,8,8,9
"7600110000000019010104",0,1,4,0,0,0,0,1,0,1,0,1,0,1,2
"7600110000000017160922",0,1,0,1,2,2,0,2,2,1,0,3,3,3,0
"7600110000000017040406",0,0,0,2,1,2,2,2,0,0,0,0,0,0,1
"7600110000000002220206",4,1,2,2,1,2,2,1,3,2,2,2,1,4,1
"7600110000000017160710",2,0,4,1,3,1,4,7,3,0,5,6,3,4,6
"7600110000000019260102",0,0,1,0,0,0,0,0,0,1,1,0,0,0,0
"7600110000000002200102",4,5,7,4,9,2,3,2,6,7,2,6,4,5,5
"7600110000000017320107",0,5,0,1,2,2,1,1,1,1,1,1,4,2,0
"7600110000000002120114",1,1,1,0,0,3,1,1,0,0,1,0,0,1,2
"7600110000000002210212",0,0,0,1,1,0,3,3,3,1,1,1,0,1,1
"7600110000000017360273",0,1,1,1,0,0,0,1,1,0,0,0,2,1,0
"7600110000000015080331",1,0,0,0,3,0,0,2,1,1,0,0,2,1,2
"7600110000000015080241",0,1,0,2,0,1,0,3,3,1,0,2,1,1,3
"7600110000000017050406",0,1,1,1,1,2,4,0,1,3,3,3,1,2,3
"7600110000000019330212",1,0,1,0,0,0,1,1,0,2,2,0,1,0,0
"7600110000000017090322",0,0,0,0,0,1,0,1,0,0,0,0,0,0,1
"7600110000000017050401",2,1,2,5,4,2,0,1,2,0,3,1,0,0,0
"7600110000000017360546",2,3,3,1,2,4,3,4,4,6,3,2,5,0,1
"7600110000000019250112",0,1,0,0,0,2,0,1,0,1,3,0,1,1,1
"7600110000000002140110",1,1,1,1,3,4,0,3,2,3,2,1,3,3,2
"7600110000000017330154",1,9,9,5,9,3,5,9,4,5,4,2,11,2,7
"7600110000000017360541",0,1,2,1,0,1,2,1,2,3,1,4,2,2,1
"7600110000000010030111",1,0,0,2,1,0,1,2,1,1,0,1,1,3,2
"7600110000000019320104",0,0,0,0,1,0,0,0,1,0,2,0,0,1,3
"7600110000000019290214",0,2,1,0,0,0,2,2,1,0,1,2,0,1,1
"7600110000000019080104",3,2,0,0,4,2,7,1,4,2,5,5,8,5,10
"7600110000000019370113",0,0,0,1,1,1,0,0,0,0,0,0,0,0,0
"7600110000000015080315",3,2,0,1,2,1,1,2,0,1,4,2,0,3,1
"7600110000000019010124",5,3,1,7,4,2,1,3,4,3,2,3,2,3,1
"7600110000000017210219",1,0,4,4,1,4,0,3,0,0,1,0,2,2,1
"7600110000000010020206",0,0,2,0,2,3,0,0,1,3,0,0,2,0,1
"7600110000000017360307",1,1,1,1,1,0,1,3,3,0,2,1,0,1,2
"7600110000000017300101",0,0,1,0,4,0,2,1,1,2,2,2,0,1,2
"7600110000000002220207",2,3,2,4,4,0,3,3,3,3,5,2,3,4,2
"7600110000000017330141",5,4,8,3,12,5,6,8,8,7,7,7,5,7,5
"7600110000000010060101",4,0,3,0,1,1,7,2,2,2,2,2,1,5,3
"7600110000000019290118",0,1,1,1,2,1,2,2,4,1,4,0,5,5,3
"7600110000000017360415",0,1,1,1,0,0,2,2,0,0,0,1,0,0,0
"7600110000000002040137",0,0,1,0,1,0,1,1,2,1,2,1,0,0,0
"7600110000000002010310",0,3,2,3,3,2,2,2,2,3,2,1,4,2,2
"7600110000000017300215",2,0,3,1,3,1,2,2,4,2,1,0,0,0,1
"7600110000000017030116",0,0,0,0,3,0,2,2,2,1,1,3,0,2,0
"7600110000000019260120",1,0,0,1,1,1,0,0,0,0,1,0,0,0,0
"7600110000000015080127",1,1,1,2,2,1,0,2,3,1,1,2,0,2,3
"7600110000000010030207",2,0,0,2,3,1,3,4,3,4,3,2,5,2,5
"7600110000000002130107",1,0,1,1,2,1,1,0,1,1,0,1,0,0,1
"7600110000000002170120",4,6,2,4,8,3,7,4,2,2,6,7,6,4,6
"7600110000000017210106",1,0,1,1,2,0,1,2,0,0,1,1,0,1,1
"7600110000000019260205",0,0,0,0,0,0,0,0,0,0,1,0,0,0,1
"7600110000000019260208",0,0,0,1,0,0,0,0,0,1,1,0,1,0,0
"7600110000000017360420",1,0,1,1,3,1,0,1,0,0,0,2,2,3,1
"7600110000000019050114",0,0,1,1,1,0,0,1,0,1,1,1,1,1,0
"7600110000000017140130",1,3,1,3,2,2,1,1,1,6,3,3,4,1,3
"7600110000000017160709",2,3,3,2,2,4,5,2,4,2,3,5,1,6,5
"7600110000000019160108",4,8,6,10,10,6,5,7,4,9,7,8,12,9,9
"7600110000000017180112",1,1,1,3,3,1,0,0,2,1,0,0,0,1,0
"7600110000000017360538",3,2,5,2,0,3,4,1,1,3,6,0,2,0,3
"7600110000000019200107",0,0,2,1,0,0,1,0,0,0,0,0,0,0,0
"7600110000000002120111",0,0,1,1,2,3,1,1,1,1,1,1,1,0,0
"7600110000000010020108",1,0,0,2,0,1,1,1,2,0,0,2,0,2,1
"7600110000000017130102",1,1,1,0,0,0,0,1,1,0,2,1,2,0,2
"7600110000000002200209",0,0,0,0,2,0,2,0,0,1,1,1,0,1,1
"7600110000000002150110",1,1,0,1,1,3,1,1,0,0,0,2,2,2,0
"7600110000000017360309",1,0,2,0,0,0,0,1,0,0,1,1,1,0,0
"7600110000000017150210",1,0,1,3,1,0,0,0,0,2,0,0,0,1,0
"7600110000000002220320",0,1,3,1,2,1,2,0,0,1,1,1,1,2,1
"7600110000000019350206",1,0,1,0,0,0,1,1,0,0,0,1,0,0,2
"7600110000000017140105",0,0,0,0,0,1,1,1,0,1,1,0,2,1,1
"7600110000000017160927",0,0,1,0,0,0,2,1,1,0,1,1,1,2,1
"7600110000000017030124",0,0,1,0,0,1,0,1,0,0,0,0,0,0,0
"7600110000000017360514",5,4,1,6,3,4,2,2,7,3,4,3,2,6,3
"7600110000000017250108",0,0,0,1,1,0,0,0,1,0,0,0,0,0,0
"7600110000000015080226",0,0,3,1,0,1,0,0,1,0,0,2,1,0,0
"7600110000000002200218",0,2,0,1,1,1,0,1,1,0,1,2,0,1,0
"7600110000000002030145",2,0,0,0,0,1,1,0,0,1,1,2,2,1,2
"7600110000000005080203",2,3,3,5,5,5,2,8,4,4,9,10,8,8,7
"7600110000000002060227",3,3,0,4,3,2,3,2,2,5,4,1,2,2,3
"7600110000000017250308",1,1,0,0,1,0,3,0,1,0,3,0,0,0,0
"7600110000000017360528",3,3,2,10,2,4,3,4,5,6,3,3,7,5,3
"7600110000000017060102",1,2,0,3,1,0,2,4,2,3,1,3,1,2,1
"7600110000000019390103",0,0,1,0,2,0,1,0,1,0,0,1,0,4,0
"7600110000000002210106",2,1,0,1,2,0,0,0,1,0,2,0,0,1,2
"7600110000000019350214",1,1,4,0,1,1,0,2,1,0,1,0,0,0,1
"7600110000000015080243",1,1,3,2,2,0,0,4,2,1,0,0,2,0,1
"7600110000000017210201",1,0,0,0,0,0,0,1,0,1,0,2,0,0,0
"7600110000000002120205",0,1,0,2,1,0,0,1,1,1,1,2,0,0,0
"7600110000000002130206",0,0,0,0,0,1,0,1,0,0,0,1,0,1,1
"7600110000000019360113",0,0,0,0,0,2,1,0,0,0,2,1,0,5,1
"7600110000000002010214",2,1,0,1,2,1,1,0,4,1,0,1,0,2,1
"7600110000000002200110",4,0,7,4,1,1,6,4,3,6,7,2,5,2,3
"7600110000000017300201",10,5,11,12,6,5,11,11,7,9,8,13,7,8,5
"7600110000000017310210",3,0,1,0,1,2,2,5,3,4,2,1,2,4,3
"7600110000000010020101",0,0,0,0,0,1,0,0,0,0,1,0,0,2,0
"7600110000000017360522",8,6,4,3,2,7,5,2,0,0,6,2,1,3,5
"7600110000000017360274",2,2,2,1,2,2,1,2,2,1,1,0,1,0,1
"7600110000000002210203",0,2,0,0,0,1,1,0,0,0,1,0,1,1,1
"7600110000000002040134",2,2,0,0,0,1,1,4,4,1,0,0,1,1,3
"7600110000000010010213",0,1,0,0,1,3,0,0,1,2,5,2,1,3,1
"7600110000000017360422",1,3,2,1,4,1,0,2,1,2,2,1,2,2,1
"7600110000000010020211",0,0,1,0,0,1,0,1,0,0,0,1,1,0,2
"7600110000000017150115",1,1,0,1,0,1,1,2,1,0,0,2,0,1,1
"7600110000000017220116",1,1,2,2,2,1,3,2,1,1,2,1,5,3,2
"7600110000000017030152",1,0,0,0,0,1,1,0,0,1,0,0,0,1,1
"7600110000000017240105",1,2,1,3,2,2,0,1,3,0,0,2,2,2,4
"7600110000000017360426",0,1,1,0,0,0,2,1,3,0,1,1,1,0,1
"7600110000000017360427",0,1,0,1,0,1,0,1,1,2,1,0,3,1,1
"7600110000000017160920",0,3,1,4,0,2,1,1,3,2,0,2,1,3,2
"7600110000000010030211",6,4,6,8,5,6,5,6,9,2,5,9,4,8,3
"7600110000000020130236",0,1,0,1,0,1,0,0,1,0,0,0,0,0,0
"7600110000000002220415",1,1,0,1,1,2,0,1,2,2,0,1,1,2,1
"7600110000000017050402",3,3,2,3,0,5,0,1,2,2,1,2,1,2,1
"7600110000000019410112",0,1,0,0,1,1,0,0,2,0,0,0,0,1,0
"7600110000000019290206",0,1,0,1,0,1,1,1,1,2,0,2,1,2,0
"7600110000000019330210",0,1,1,1,1,0,0,0,1,0,0,0,0,0,1
"7600110000000019330209",0,0,0,0,1,0,0,1,0,1,0,0,0,0,0
"7600110000000019320103",2,1,1,0,0,0,0,0,1,0,0,0,0,1,0
"7600110000000019330119",1,1,0,0,0,1,2,2,0,0,0,2,1,0,1
"7600110000000017150117",1,1,0,2,0,0,0,1,1,0,0,0,0,1,0
"7600110000000019330219",0,0,0,1,2,1,2,2,0,0,0,1,0,1,0
"7600110000000015080101",4,6,8,7,8,14,10,10,14,10,13,23,17,7,15
"7600110000000015080236",1,1,0,0,1,2,0,1,3,0,4,2,0,1,1
"7600110000000017360275",7,9,8,7,7,8,12,5,10,7,7,4,7,9,5
"7600110000000019350201",1,2,1,2,1,2,1,2,3,3,2,1,2,1,2
"7600110000000019350106",0,1,1,1,1,0,2,0,3,1,1,0,2,0,1
"7600110000000019030102",1,1,5,2,2,3,2,6,2,3,3,3,12,8,4
"7600110000000017160715",12,13,12,12,8,16,14,14,12,11,17,14,13,9,11
"7600110000000017080223",0,0,0,0,1,0,0,0,1,0,0,0,0,0,0
"7600110000000019370112",1,1,0,2,1,1,0,0,1,1,0,1,0,1,1
"7600110000000020140101",10,11,16,8,15,12,5,7,11,9,9,4,6,9,7
"7600110000000017360242",5,10,12,7,6,10,9,12,9,8,9,7,6,11,6
"7600110000000010030116",0,0,0,0,0,0,1,1,1,1,0,2,1,0,1
"7600110000000017150221",0,0,0,0,0,0,0,1,1,1,0,1,1,0,0
"7600110000000019360210",0,1,0,1,1,1,1,0,1,0,1,1,2,0,1
"7600110000000010030121",0,0,1,0,0,0,1,0,0,0,0,0,0,1,0
"7600110000000017140107",1,2,1,1,1,0,0,1,2,0,2,4,1,0,0
"7600110000000017360507",8,10,9,7,8,9,9,6,10,14,8,6,8,4,7
"7600110000000019010217",1,1,0,3,0,1,0,0,0,3,0,1,0,0,3
"7600110000000010020202",0,1,0,0,0,2,0,0,1,0,2,2,0,0,0
"7600110000000017130112",0,0,0,2,0,1,0,1,2,0,4,4,2,0,3
"7600110000000017250409",0,0,0,1,1,0,0,0,0,0,1,0,0,0,0
"7600110000000004090111",1,1,0,2,5,3,1,0,0,1,2,0,2,0,0
"7600110000000017160940",3,0,1,1,0,0,1,1,0,0,0,1,0,2,2
"7600110000000017140111",2,3,4,4,7,9,2,3,3,6,2,6,2,10,3
"7600110000000017360102",1,1,2,3,9,4,4,3,1,2,4,5,2,6,2
"7600110000000017360540",4,7,8,9,6,7,5,4,5,5,6,9,6,6,8
"7600110000000017360516",4,2,3,4,3,2,1,6,4,5,2,8,3,6,3
"7600110000000019400211",1,0,0,1,0,0,0,0,0,0,0,1,0,0,0
"7600110000000017170102",1,0,1,0,1,0,0,0,1,2,0,0,0,0,0
"7600110000000019010102",5,1,4,3,3,4,2,3,1,1,1,0,3,2,1
"7600110000000017360544",2,2,1,4,3,3,3,2,2,1,4,4,0,2,4
"7600110000000002200222",0,0,0,0,1,0,0,0,0,2,0,0,1,1,0
"7600110000000019330201",0,0,0,1,1,0,0,1,0,0,2,0,1,1,0
"7600110000000019020106",2,1,1,1,2,1,1,0,0,1,0,1,0,1,3
"7600110000000005080201",2,3,6,10,6,6,5,3,7,5,4,11,12,10,3
"7600110000000019290112",2,0,0,0,1,0,0,0,1,1,3,1,2,1,2
"7600110000000017350102",1,2,5,1,4,1,1,3,1,3,4,4,7,6,2
"7600110000000002170105",0,0,1,0,2,2,0,2,1,2,0,2,1,1,1
"7600110000000017150102",4,4,2,5,4,4,0,7,4,3,2,3,4,3,3
"7600110000000015080320",0,1,2,0,3,0,2,1,1,2,0,1,0,0,0
"7600110000000010020201",1,0,1,0,1,1,3,0,4,2,1,2,3,4,0
"7600110000000017130130",3,3,1,0,3,5,2,3,1,0,6,4,1,1,4
"7600110000000017090112",0,0,1,0,0,1,0,1,1,0,0,1,1,0,0
"7600110000000010010202",3,1,0,0,1,1,1,1,0,1,2,1,1,0,1
"7600110000000017030201",3,1,0,2,1,1,0,1,3,0,3,0,2,1,5
"7600110000000017360532",4,7,4,5,1,3,3,4,1,2,3,2,4,4,2
"7600110000000017090106",1,0,1,1,0,2,1,0,0,1,0,0,2,5,3
"7600110000000017040211",4,3,1,2,5,1,4,8,0,3,7,5,5,2,8
"7600110000000017160854",0,0,1,1,1,1,1,0,0,5,0,0,2,1,0
"7600110000000017340114",3,0,5,0,0,1,4,2,4,3,6,2,5,5,3
"7600110000000019360104",0,0,0,2,0,1,1,2,0,0,1,1,2,0,2
"7600110000000002060114",0,0,0,0,0,0,1,0,0,2,1,0,0,0,0
"7600110000000017160518",0,0,0,0,0,0,0,0,0,0,1,0,0,0,1
"7600110000000002010219",3,0,0,0,1,0,0,0,0,0,0,0,0,0,1
"7600110000000019400204",1,0,0,0,0,0,1,0,1,1,1,0,0,1,0
"7600110000000017040203",1,1,0,0,2,0,0,0,1,0,2,0,2,1,2
"7600110000000002110201",1,1,0,0,2,0,0,0,0,0,1,2,2,2,0
"7600110000000002110108",12,9,8,11,10,5,5,8,12,7,8,3,5,7,6
"7600110000000002110420",1,0,1,1,3,1,1,3,1,0,0,2,3,1,0
"7600110000000002010208",2,1,3,1,4,0,3,3,1,1,0,1,1,3,2
"7600110000000017360268",0,0,0,2,0,0,1,0,0,0,0,0,0,1,0
"7600110000000017360518",2,3,4,2,6,4,4,6,2,5,6,3,4,2,3
"7600110000000002200215",4,1,1,3,1,0,1,0,1,3,0,1,1,1,3
"7600110000000002120108",0,1,0,0,0,1,0,0,1,0,0,1,0,1,0
"7600110000000017160955",7,4,4,4,8,8,6,4,5,8,5,5,5,0,3
"7600110000000017360111",0,1,0,1,0,1,0,0,0,1,0,1,0,2,0
"7600110000000017090102",0,1,0,3,3,0,4,4,5,1,6,3,2,2,1
"7600110000000017060106",0,1,0,0,0,1,1,2,5,0,1,5,0,0,0
"7600110000000002030140",3,5,0,2,2,2,4,1,3,1,8,1,2,1,5
"7600110000000019250204",0,0,0,0,0,1,1,1,0,1,1,0,0,2,0
"7600110000000002150105",2,0,1,0,0,0,0,1,2,0,1,0,0,1,1
"7600110000000002030148",4,4,1,4,2,2,3,8,3,5,2,4,5,3,1
"7600110000000019400113",1,0,0,0,1,0,0,1,0,0,0,0,0,0,1
"7600110000000010060112",2,0,1,1,2,1,1,2,1,2,4,2,0,1,4
"7600110000000002220215",0,0,1,0,2,0,3,2,1,0,3,0,1,1,0
"7600110000000019310107",1,0,1,0,1,2,1,0,0,0,1,2,1,1,1
"7600110000000017360411",1,0,1,0,0,0,1,0,1,0,4,1,0,1,0
"7600110000000017150108",1,1,0,0,0,0,1,1,0,1,1,0,1,0,1
"7600110000000017330131",1,0,0,3,3,1,3,2,5,2,3,2,0,2,4
"7600110000000010030104",0,1,1,0,1,1,0,4,1,0,1,3,0,2,3
"7600110000000019090111",0,0,0,1,1,0,1,0,0,0,1,1,1,0,1
"7600110000000017360555",6,2,9,6,3,7,4,4,14,8,4,4,3,7,3
"7600110000000017360313",4,4,2,3,4,3,0,5,4,7,7,2,2,3,2
"7600110000000010030126",5,9,2,7,9,11,6,10,9,12,11,14,14,9,15
"7600110000000002060225",0,0,2,1,1,2,1,1,0,0,1,0,1,2,0
"7600110000000017160838",0,0,1,0,0,0,0,1,2,1,1,0,1,4,0
"7600110000000002090402",0,0,0,0,2,0,1,0,0,0,0,0,1,1,0
"7600110000000003050108",0,0,1,0,0,0,0,0,0,0,0,0,0,0,1
"7600110000000019400107",0,2,2,4,0,2,0,2,0,4,2,2,0,2,4
"7600110000000002120113",1,1,1,0,3,0,1,1,0,2,0,1,2,1,1
"7600110000000019370216",0,1,0,0,0,0,2,0,0,0,2,1,0,2,4
"7600110000000019360111",0,0,1,0,0,1,0,1,1,1,2,2,2,2,1
"7600110000000019250117",0,5,1,1,1,2,0,2,1,1,4,4,3,1,2
"7600110000000019420108",0,0,1,0,0,0,1,1,0,0,0,0,0,0,0
"7600110000000019140113",2,6,1,1,1,0,1,2,5,2,1,2,3,3,2
"7600110000000017080208",0,0,0,0,0,0,0,0,0,1,0,0,0,1,0
"7600110000000017130118",4,1,0,2,1,3,1,5,4,2,5,4,2,3,3
"7600110000000017040408",2,0,4,3,5,5,5,3,6,8,6,7,9,3,10
"7600110000000017090320",0,1,0,0,0,2,0,2,2,0,1,0,4,1,5
"7600110000000017030148",1,2,1,1,2,3,2,1,2,2,1,2,6,3,3
"7600110000000002010230",1,4,0,3,7,2,8,3,7,4,3,4,6,5,1
"7600110000000010020210",0,1,1,0,1,0,0,0,3,1,1,4,1,0,0
"7600110000000019270105",1,2,0,1,0,0,0,1,0,0,0,2,0,0,1
"7600110000000017360312",0,0,1,1,0,0,2,0,3,0,0,2,2,1,2
"7600110000000017230103",1,1,1,3,1,1,1,0,0,1,4,2,1,2,1
"7600110000000002110103",1,2,0,2,3,0,0,1,2,1,1,0,0,1,1
"7600110000000002050108",0,0,0,0,0,0,0,0,0,1,1,0,0,0,0
"7600110000000002130405",1,1,1,0,0,1,1,0,2,0,1,0,2,1,1
"7600110000000010030218",2,1,1,0,0,1,0,0,1,1,2,2,1,5,3
"7600110000000002030150",18,16,9,15,11,7,9,10,7,6,7,6,5,9,8
"7600110000000017300114",2,1,1,1,2,3,2,3,3,0,1,2,1,1,2
"7600110000000002120201",0,0,0,1,1,0,1,0,0,0,0,1,0,1,0
"7600110000000002220414",0,0,0,0,1,1,0,0,0,2,1,1,0,2,0
"7600110000000017080205",0,0,0,0,2,1,0,0,0,1,1,0,1,0,1
"7600110000000002200112",3,2,5,2,4,2,3,5,3,4,3,1,2,1,4
"7600110000000019310208",1,0,0,1,0,0,1,0,1,0,2,1,1,0,2
"7600110000000017340103",2,1,1,0,1,1,3,4,3,2,4,3,7,2,4
"7600110000000017130115",1,3,3,1,5,7,7,7,5,10,7,11,8,6,9
"7600110000000002170104",0,0,0,0,0,0,3,1,0,3,0,0,0,1,2
"7600110000000010020209",0,1,1,0,1,1,2,1,0,4,4,1,1,0,3
"7600110000000004070115",2,0,1,0,0,1,0,1,2,1,0,0,0,1,3
"7600110000000002220102",10,10,8,9,6,7,9,7,6,10,9,11,9,8,13
"7600110000000010030115",1,1,3,1,2,0,2,2,0,0,0,0,0,1,0
"7600110000000017200109",0,2,1,2,0,5,1,1,0,3,1,3,2,6,2
"7600110000000002070110",0,0,1,0,0,1,1,0,1,0,0,1,0,0,0
"7600110000000017160738",0,2,1,0,0,0,1,1,1,1,0,1,1,2,1
"7600110000000002010216",1,1,1,1,1,2,3,2,2,1,2,0,0,0,0
"7600110000000002040136",1,0,0,2,3,1,0,0,0,0,1,0,1,0,0
"7600110000000017300205",1,2,0,0,2,0,1,1,3,0,0,2,2,1,3
"7600110000000017150502",0,0,1,1,2,2,0,1,0,0,1,0,2,0,1
"7600110000000017360233",0,0,1,1,1,0,1,0,0,0,0,0,0,0,0
"7600110000000017180109",1,2,2,1,3,0,0,1,0,3,1,1,3,0,2
"7600110000000015080213",1,1,2,1,0,1,1,0,3,2,4,0,4,2,2
"7600110000000002220316",0,1,0,0,2,0,1,2,0,1,1,2,0,0,3
"7600110000000002210118",1,2,1,0,2,0,1,0,1,1,1,1,2,2,2
"7600110000000002170116",0,0,1,0,1,1,1,1,0,1,1,0,1,0,0
"7600110000000002110312",0,1,1,0,1,0,0,0,2,1,1,1,0,0,0
"7600110000000017130132",2,2,0,5,3,4,5,4,4,4,6,5,4,9,5
"7600110000000002070104",1,0,2,1,0,3,0,0,1,1,0,0,0,1,1
"7600110000000002080115",0,0,2,1,0,0,0,0,1,0,1,0,0,0,2
"7600110000000002120102",1,3,2,1,2,0,0,0,3,0,0,0,1,1,0
"7600110000000002120105",0,2,0,0,0,2,2,0,3,1,0,0,0,0,0
"7600110000000002120510",1,1,0,1,2,0,0,0,3,2,1,2,0,2,1
"7600110000000002030106",0,1,0,0,0,0,0,0,3,1,2,0,1,0,0
"7600110000000017090233",1,3,0,6,4,0,4,6,5,4,3,3,3,0,1
"7600110000000010010104",1,1,1,1,0,0,2,1,1,3,1,3,1,1,3
"7600110000000015080321",2,0,0,0,1,1,0,1,0,0,2,1,2,0,0
"7600110000000017360319",1,3,0,1,5,0,3,2,1,3,1,1,0,1,1
"7600110000000019010210",1,1,2,2,1,0,2,1,0,2,1,2,0,0,1
"7600110000000017160960",3,0,1,0,1,1,0,1,1,0,2,0,1,0,1
"7600110000000017090321",3,8,6,8,10,6,4,4,6,3,5,1,5,2,2
"7600110000000010010205",0,0,0,0,1,1,0,0,3,0,2,1,2,0,2
"7600110000000019290217",0,0,3,1,2,2,1,0,1,4,0,0,1,1,2
"7600110000000017110212",1,3,6,2,7,1,9,1,5,4,4,6,3,1,5
"7600110000000003050118",0,1,0,0,0,0,1,0,0,2,0,0,1,1,0
"7600110000000002120512",2,2,0,2,1,2,1,1,0,0,0,0,1,2,2
"7600110000000002220420",9,10,11,5,7,6,7,9,3,13,12,11,7,10,10
"7600110000000002090312",0,1,1,0,0,0,0,0,1,0,1,0,0,0,0
"7600110000000017360404",4,1,0,1,4,3,1,4,2,1,1,2,1,0,3
"7600110000000002220213",1,1,0,1,0,1,1,0,1,1,1,1,1,1,1
"7600110000000002030146",1,0,0,0,0,3,0,2,0,3,1,2,2,0,1
"7600110000000017090210",17,23,15,15,13,13,15,16,14,14,17,10,11,11,17
"7600110000000017090203",1,0,0,0,0,0,0,0,0,0,1,1,1,0,1
"7600110000000017260105",0,0,2,0,1,1,1,0,0,1,0,1,0,2,1
"7600110000000019230216",1,0,2,2,1,1,2,1,0,1,0,0,1,1,1
"7600110000000019370204",0,1,0,0,2,0,0,1,0,0,0,2,0,1,1
"7600110000000019410104",0,0,1,0,2,0,1,1,1,0,1,0,1,1,1
"7600110000000017020131",0,3,3,1,4,2,5,1,3,4,2,6,3,3,2
"7600110000000017330143",1,6,7,3,2,4,2,5,3,5,5,2,2,5,5
"7600110000000002170203",2,2,0,0,0,1,0,1,1,2,0,0,1,1,1
"7600110000000002010215",0,0,1,1,1,1,2,1,3,1,0,0,1,1,0
"7600110000000017130128",1,0,1,1,2,3,0,0,0,1,1,2,0,3,1
"7600110000000019140118",1,5,1,2,2,3,1,1,0,4,5,4,4,3,5
"7600110000000017250209",0,0,0,1,1,0,1,1,1,0,1,1,0,1,1
"7600110000000017080204",0,0,0,2,0,0,0,0,1,0,0,0,0,0,0
"7600110000000017150411",1,0,2,2,1,0,3,0,0,2,0,1,1,4,0
"7600110000000002030144",2,4,5,4,5,1,3,4,4,3,3,3,7,2,6
"7600110000000017360238",4,3,7,4,4,11,8,3,5,13,6,8,11,8,5
"7600110000000019400101",1,1,0,2,0,2,0,0,0,0,2,0,2,1,3
"7600110000000002110401",0,1,1,0,0,1,2,1,0,0,0,0,0,1,2
"7600110000000019350203",0,1,0,3,2,2,1,3,3,0,2,2,2,3,2
"7600110000000020140103",4,4,3,4,0,2,1,1,2,1,1,2,0,1,2
"7600110000000002220404",1,0,1,1,2,1,1,0,0,1,0,0,1,1,0
"7600110000000002040132",0,1,1,1,3,1,3,0,3,1,2,0,1,1,1
"7600110000000019040105",0,1,2,0,2,1,0,2,0,1,1,1,1,0,1
"7600110000000017130107",0,0,1,0,0,0,0,0,0,0,0,1,0,0,2
"7600110000000017180114",3,3,0,0,2,0,2,1,3,3,0,2,2,2,3
"7600110000000019350111",1,0,0,1,0,0,2,1,0,1,1,2,0,0,3
"7600110000000017130201",0,0,0,0,0,2,1,0,0,0,0,0,0,0,0
"7600110000000017300107",1,2,1,3,2,1,0,0,2,0,2,4,2,0,0
"7600110000000017250309",2,0,0,1,1,2,1,0,1,1,1,0,0,2,0
"7600110000000010010114",1,2,0,1,1,0,0,0,0,1,2,0,0,1,1
"7600110000000019350101",1,1,0,1,0,1,0,1,0,1,1,1,2,0,0
"7600110000000002200108",4,1,2,3,4,3,4,5,5,5,6,4,7,4,6
"7600110000000019400104",0,2,1,0,0,2,0,1,3,0,0,1,0,3,0
"7600110000000017160962",0,3,2,1,4,4,0,1,3,1,7,1,4,3,3
"7600110000000015080318",0,3,2,0,0,1,0,2,1,1,1,2,0,0,3
"7600110000000002210119",0,2,1,2,0,1,1,0,0,1,0,2,1,2,0
"7600110000000010010212",2,1,0,2,0,1,0,3,0,1,2,0,3,3,3
"7600110000000017160517",1,0,2,1,2,0,1,2,1,0,1,4,2,1,1
"7600110000000019400109",1,0,1,1,1,1,1,1,0,1,1,0,0,1,1
"7600110000000019390107",0,1,1,4,4,3,0,2,1,1,3,2,0,5,4
"7600110000000017360409",1,1,1,2,1,0,2,0,1,1,1,0,0,2,1
"7600110000000019300109",1,0,1,1,2,2,0,1,0,0,1,0,0,0,0
"7600110000000019290220",2,1,0,1,2,0,1,0,0,0,2,1,2,1,2
"7600110000000017060109",1,0,2,1,0,2,1,0,1,3,4,1,0,2,3
"7600110000000019020110",3,3,1,0,1,0,1,1,2,0,0,0,1,0,0
"7600110000000017040304",2,2,1,4,3,2,1,4,2,2,3,3,4,4,3
"7600110000000019300108",2,1,1,2,2,2,0,0,0,1,1,0,2,0,1
"7600110000000002030124",7,12,6,9,6,2,6,11,4,6,12,5,7,2,8
"7600110000000017360505",1,0,2,1,2,2,1,3,3,4,2,1,2,2,6
"7600110000000002210205",0,2,0,0,1,0,2,2,2,0,0,1,0,3,2
"7600110000000019330108",2,0,0,1,0,0,0,0,0,0,0,0,1,0,0
"7600110000000019310120",2,1,0,1,2,2,1,3,4,3,4,2,6,1,1
"7600110000000002220212",0,0,1,0,0,1,0,0,2,0,2,2,0,1,2
"7600110000000019310105",2,0,1,3,1,0,2,0,1,1,2,0,0,3,3
"7600110000000020140109",0,1,0,1,0,1,1,0,0,0,1,0,0,0,0
"7600110000000019360103",0,3,1,0,1,0,0,0,0,1,0,1,0,0,0
"7600110000000017130135",1,3,1,8,8,2,7,5,2,6,4,0,5,0,1
"7600110000000019260201",0,1,2,1,0,0,0,0,1,0,1,0,0,1,0
"7600110000000002090101",0,0,1,0,0,1,0,0,0,0,0,1,0,0,0
"7600110000000002090109",0,0,1,0,0,0,0,3,1,1,0,0,1,0,1
"7600110000000002090111",0,1,1,0,0,3,0,1,1,0,1,1,0,0,1
"7600110000000017080202",0,0,0,0,0,0,1,0,0,0,1,0,0,0,0
"7600110000000017020129",0,1,3,0,0,0,0,2,0,0,5,1,0,2,1
"7600110000000002130301",0,0,2,0,0,0,1,0,3,0,1,0,0,2,0
"7600110000000019350212",1,0,1,0,3,3,2,2,2,0,3,0,0,0,1
"7600110000000017360425",1,2,3,2,2,0,1,1,2,2,0,2,1,2,3
"7600110000000002180112",0,1,0,1,1,0,2,2,2,1,2,0,2,1,4
"7600110000000010020104",1,2,0,1,1,1,0,2,1,3,1,2,0,3,0
"7600110000000019290219",0,1,0,0,1,1,0,3,0,2,2,4,2,1,1
"7600110000000010020212",1,5,4,1,2,5,1,0,2,3,0,4,3,5,3
"7600110000000002120214",0,0,0,1,1,1,0,0,1,0,0,0,1,1,0
"7600110000000017340211",1,1,1,2,2,1,2,1,1,3,2,1,6,3,4
"7600110000000019070105",2,3,4,4,3,3,3,3,3,6,0,7,5,4,3
"7600110000000019370110",0,0,0,0,0,1,0,1,1,0,0,1,0,0,0
"7600110000000019030205",2,3,2,1,3,4,3,3,2,2,1,4,2,4,3
"7600110000000017210131",3,5,4,1,5,3,2,4,4,1,1,3,2,2,2
"7600110000000019300102",1,3,1,0,1,1,1,2,0,3,0,2,1,1,4
"7600110000000019020125",3,2,3,4,1,2,2,3,4,3,5,3,3,2,3
"7600110000000002120118",2,2,1,0,4,1,2,2,0,1,0,0,0,1,0
"7600110000000002090216",0,1,1,0,0,1,0,1,0,1,0,1,1,0,1
"7600110000000002130110",0,2,1,0,2,0,1,0,0,1,0,1,1,0,1
"7600110000000010030114",0,2,2,1,1,1,2,0,1,2,1,4,5,1,3
"7600110000000017160925",1,0,0,0,0,0,1,1,1,0,1,2,0,0,1
"7600110000000002040135",1,0,4,1,4,2,2,0,4,0,2,1,1,3,0
"7600110000000002130409",0,0,1,0,0,2,0,1,0,0,0,1,1,0,0
"7600110000000002170118",0,0,1,3,1,3,1,0,0,0,2,1,1,1,0
"7600110000000002110113",0,1,0,0,1,2,0,0,1,0,3,0,1,2,0
"7600110000000002220210",0,1,1,2,0,0,0,2,0,0,0,1,0,1,1
"7600110000000002120511",1,2,1,0,2,0,1,1,0,1,0,0,1,2,1
"7600110000000002110315",2,2,0,0,0,0,0,1,0,2,0,2,1,0,1
"7600110000000004090102",0,1,4,1,1,0,1,1,1,0,0,0,1,0,5
"7600110000000019330110",0,0,0,2,0,1,0,0,0,1,0,1,1,0,0
"7600110000000002200214",3,3,2,0,3,1,0,1,0,4,2,0,3,0,0
"7600110000000019420106",0,1,0,0,0,0,0,0,0,0,0,0,1,1,0
"7600110000000002210202",2,1,0,0,0,1,0,1,2,2,1,1,1,0,2
"7600110000000002130211",0,1,0,0,0,0,0,3,0,1,1,1,0,1,1
"7600110000000002120119",0,3,1,0,0,0,0,0,0,2,1,0,3,1,2
"7600110000000002170336",3,6,3,5,4,3,5,2,3,1,4,1,1,1,3
"7600110000000002220410",0,2,0,1,2,0,2,3,0,2,3,2,1,3,2
"7600110000000002200309",1,0,1,1,1,2,3,2,0,1,1,2,1,1,3
"7600110000000002180104",4,1,2,1,2,2,1,2,0,1,0,2,2,0,3
"7600110000000002170111",1,0,0,0,1,2,0,0,0,0,1,2,1,1,1
"7600110000000002200109",3,1,3,3,2,3,2,4,3,8,5,3,4,7,2
"7600110000000002220416",0,1,0,1,1,0,1,1,1,1,1,0,0,1,1
"7600110000000002140116",0,0,0,1,0,0,0,1,0,0,0,1,0,0,0
"7600110000000015080222",6,6,8,4,4,13,5,6,5,4,10,5,8,6,7
"7600110000000017040108",1,4,2,1,4,4,9,10,2,4,8,5,10,15,6
"7600110000000019330101",0,0,0,0,1,0,0,1,0,0,0,0,0,1,0
"7600110000000002030139",5,8,5,5,7,8,9,4,6,7,10,14,4,9,7
"7600110000000017090211",3,1,1,0,4,0,3,1,5,2,0,1,1,0,1
"7600110000000002190109",3,4,1,5,4,3,2,3,7,7,3,7,4,5,1
"7600110000000002040210",3,3,1,0,1,3,3,2,2,4,1,0,2,0,5
"7600110000000017360534",4,7,6,9,9,1,9,4,7,6,4,7,2,3,4
"7600110000000002210108",0,0,1,1,0,1,1,0,0,0,2,2,1,2,1
"7600110000000002120304",2,0,0,0,0,0,2,3,1,0,2,1,3,2,1
"7600110000000002090302",2,1,1,0,1,0,0,0,1,0,0,0,0,0,0
"7600110000000010020208",0,2,2,2,0,5,3,1,2,1,3,5,2,3,4
"7600110000000019300107",0,2,4,1,0,1,0,1,1,3,0,0,1,0,2
"7600110000000017300104",0,4,2,1,1,2,2,1,1,2,2,1,1,2,1
"7600110000000017090330",0,1,1,0,0,1,0,0,1,0,0,0,3,1,1
"7600110000000017130203",0,1,1,0,0,0,0,2,0,0,0,0,1,1,2
"7600110000000010030201",2,2,1,3,2,4,2,0,2,1,5,1,4,2,2
"7600110000000002200303",1,0,0,1,0,1,1,0,1,0,1,0,1,0,0
"7600110000000002090414",0,0,0,0,0,1,0,1,1,0,0,0,0,0,0
"7600110000000015080313",1,0,2,0,1,0,1,0,2,1,1,0,0,0,1
"7600110000000002120504",1,2,0,0,0,1,0,1,0,0,0,1,1,1,3
"7600110000000017140206",0,1,0,0,0,0,2,0,2,0,0,1,0,3,1
"7600110000000017060101",0,1,0,0,0,0,0,0,0,0,0,1,0,0,0
"7600110000000010030208",4,1,1,2,3,1,4,2,0,0,3,2,1,1,1
"7600110000000017250408",0,1,0,1,1,1,0,0,0,2,2,0,2,0,0
"7600110000000019380115",0,0,0,1,0,2,0,3,1,1,1,1,1,1,2
"7600110000000019370102",0,0,0,1,1,0,1,0,0,0,0,1,2,0,0
"7600110000000002070115",0,0,0,0,0,0,0,0,2,0,0,0,0,0,1
"7600110000000019370201",0,1,0,0,0,0,0,0,0,0,0,1,2,2,1
"7600110000000002200104",4,2,0,5,4,2,2,7,3,6,4,9,2,8,3
"7600110000000019010301",4,1,2,3,4,4,6,4,3,6,3,5,8,7,7
"7600110000000002120301",2,3,1,1,1,1,0,1,4,2,1,0,3,2,2
"7600110000000002090212",0,1,1,0,0,0,0,2,0,0,0,0,0,0,0
"7600110000000002170119",0,0,0,0,0,1,0,1,1,1,1,0,0,0,1
"7600110000000019350211",3,1,0,1,0,2,0,1,0,2,0,1,0,0,0
"7600110000000017360504",3,2,1,0,2,1,3,2,3,1,4,2,2,2,4
"7600110000000002040126",0,0,0,0,1,0,2,0,3,0,4,1,0,0,0
"7600110000000017160711",5,12,10,9,10,15,8,10,8,9,18,12,6,12,9
"7600110000000002100104",0,0,0,0,0,1,1,0,0,1,0,0,1,0,0
"7600110000000015080319",1,0,0,0,0,1,0,1,0,0,1,1,1,2,1
"7600110000000019310210",3,4,4,5,6,5,5,3,1,8,6,3,4,3,6
"7600110000000010010106",0,1,0,0,0,2,0,0,1,0,1,0,0,1,3
"7600110000000019130105",0,3,1,0,0,1,0,0,0,0,0,4,0,3,3
"7600110000000019400108",3,0,0,0,3,2,0,4,0,0,1,2,1,0,0
"7600110000000017360539",3,1,0,2,0,1,2,1,1,4,2,3,3,1,2
"7600110000000002170221",1,0,0,1,0,0,0,0,0,0,0,0,0,0,0
"7600110000000002220205",0,1,0,1,0,3,2,2,4,1,4,2,8,2,0
"7600110000000017330144",0,1,1,1,1,2,3,3,5,7,2,7,6,3,8
"7600110000000017160705",0,3,2,2,0,0,0,2,1,1,0,0,1,0,1
"7600110000000010010108",1,1,1,4,0,1,3,2,1,3,2,1,2,0,2
"7600110000000017340203",1,0,2,0,1,1,1,3,1,2,2,2,1,2,2
"7600110000000015080327",2,2,2,3,2,1,4,2,2,2,1,2,2,0,1
"7600110000000017130140",1,0,1,1,0,0,0,0,0,0,0,1,0,0,0
"7600110000000002220209",2,0,0,1,0,1,0,0,1,1,2,3,0,1,1
"7600110000000015080208",0,0,1,4,5,0,0,0,0,1,1,0,2,0,0
"7600110000000019020107",0,0,0,1,0,1,0,0,1,0,0,1,1,2,0
"7600110000000015080227",1,1,1,0,0,0,1,0,2,2,0,2,2,1,1
"7600110000000002040208",0,1,1,0,1,1,0,1,0,0,1,1,3,1,4
"7600110000000010010221",0,2,1,0,0,1,1,0,0,0,0,4,3,3,4
"7600110000000017190121",1,2,3,0,5,3,1,4,3,2,3,2,1,1,8
"7600110000000017020130",0,0,0,0,0,0,0,0,2,0,0,2,1,0,2
"7600110000000002130103",0,0,4,1,0,1,0,0,2,0,1,1,1,0,1
"7600110000000010010210",1,1,1,1,3,0,0,2,1,1,2,0,1,1,3
"7600110000000017360255",2,5,1,4,5,4,7,3,3,4,2,5,6,6,5
"7600110000000019330217",0,0,1,0,0,0,0,0,0,0,0,0,0,0,0
"7600110000000017360558",5,6,7,7,11,9,7,8,8,9,4,6,2,6,8
"7600110000000002220104",5,5,7,8,5,7,3,14,8,6,8,6,3,6,6
"7600110000000002220435",12,13,5,8,10,18,13,9,9,13,15,11,19,12,10
"7600110000000002200103",8,13,14,17,23,20,11,8,18,11,12,24,8,13,12
"7600110000000015080136",0,1,0,0,0,1,1,2,2,1,0,0,1,2,1
"7600110000000017030305",1,1,2,1,1,2,1,4,0,0,6,1,0,1,0
"7600110000000017250405",1,0,0,0,0,0,0,1,1,0,0,1,1,1,0
"7600110000000017360104",0,0,0,0,0,1,0,0,1,1,0,0,0,1,3
"7600110000000017160733",1,0,1,0,0,1,2,1,1,2,1,2,2,1,1
"7600110000000017360248",1,1,0,0,2,3,1,3,1,0,0,0,0,0,1
"7600110000000017090151",1,4,2,3,2,1,5,5,3,7,0,1,2,2,3
"7600110000000004090108",0,0,1,0,2,0,1,3,2,2,1,0,2,1,2
"7600110000000002060209",0,0,0,1,0,0,0,1,1,0,0,1,0,0,1
"7600110000000019320113",1,1,2,0,1,0,0,1,0,1,0,0,0,1,0
"7600110000000002220218",1,0,0,1,1,0,2,1,0,0,2,1,5,1,0
"7600110000000017160952",0,0,0,0,0,2,2,0,1,2,1,1,0,1,1
"7600110000000019230106",0,1,4,2,3,2,1,2,1,2,1,1,5,3,2
"7600110000000019190118",1,4,0,5,4,1,2,2,2,4,1,2,3,3,2
"7600110000000017080308",1,1,0,0,0,2,0,1,1,0,0,0,0,1,1
"7600110000000015080329",1,0,0,1,1,1,0,1,0,0,1,0,0,0,2
"7600110000000017360261",4,1,1,5,4,4,6,3,1,2,2,4,7,4,4
"7600110000000002120211",0,0,1,3,3,2,0,0,0,3,2,0,0,2,1
"7600110000000002130318",0,0,3,0,3,3,2,1,2,5,3,2,3,0,5
"7600110000000010020110",0,2,0,2,1,0,0,0,1,3,0,1,0,0,1
"7600110000000002210220",2,0,0,1,0,0,0,0,0,0,0,1,1,0,0
"7600110000000002010231",2,3,4,5,2,1,5,1,2,3,6,2,5,3,3
"7600110000000017360257",0,1,1,4,2,3,0,3,4,2,1,2,5,2,3
"7600110000000002220307",1,1,0,3,0,0,3,1,1,0,2,0,0,1,1
"7600110000000019190107",1,0,2,0,0,0,2,2,1,1,2,1,1,0,1
"7600110000000019350113",1,2,2,3,4,0,2,0,1,0,2,1,2,0,2
"7600110000000002220314",1,3,0,2,0,0,1,2,3,4,1,0,0,1,0
"7600110000000002150111",1,2,0,2,0,0,2,2,1,0,5,0,2,1,2
"7600110000000002220214",0,1,2,1,0,1,2,1,1,0,0,2,1,0,2
"7600110000000002120204",1,0,0,1,0,0,1,3,2,0,1,1,0,0,1
"7600110000000017320111",0,0,3,2,2,3,1,4,2,2,0,2,0,1,2
"7600110000000019270104",0,1,0,0,0,0,0,0,1,2,1,2,1,2,2
"7600110000000002140115",1,3,1,4,4,6,4,1,10,6,5,7,1,6,2
"7600110000000019260109",0,0,0,0,0,0,0,0,0,2,0,0,0,0,1
"7600110000000002110317",1,0,0,1,0,0,0,2,0,0,1,1,1,0,1
"7600110000000002170218",1,1,0,3,2,0,1,2,3,1,2,2,1,4,3
"7600110000000002140131",5,4,2,5,4,3,3,6,1,5,1,5,1,3,1
"7600110000000017070105",0,2,2,1,3,1,1,1,1,4,3,5,3,3,4
"7600110000000019290210",0,1,1,0,0,1,4,0,1,0,2,0,2,0,3
"7600110000000002150104",1,0,2,0,0,0,0,1,1,1,0,0,1,1,2
"7600110000000017360246",1,0,2,0,2,0,2,0,0,1,1,0,1,0,3
"7600110000000019420101",0,1,0,1,0,0,1,0,1,0,0,2,1,3,0
"7600110000000002150103",2,1,0,2,0,0,0,0,0,2,1,1,1,0,1
"7600110000000017150113",0,0,0,0,0,0,0,0,0,1,0,2,0,3,0
"7600110000000002220219",1,0,1,1,1,1,3,0,0,1,1,3,1,2,2
"7600110000000017110101",4,0,2,0,1,1,0,1,1,2,2,2,0,2,4
"7600110000000002220405",0,3,1,1,1,0,1,0,2,3,2,1,1,1,1
"7600110000000002170220",4,9,11,2,3,4,1,5,2,5,6,3,5,6,4
"7600110000000019090105",5,1,3,4,1,4,4,3,4,6,4,5,2,4,3
"7600110000000017360519",7,3,8,5,3,1,1,2,5,4,2,1,1,1,2
"7600110000000017250303",0,0,0,0,0,0,1,0,0,2,2,2,0,0,0
"7600110000000002220301",0,1,0,0,0,2,0,5,0,0,0,1,5,1,0
"7600110000000010060102",1,5,5,3,1,2,8,3,3,6,0,1,5,5,4
"7600110000000019220220",1,0,1,2,1,2,2,0,1,0,1,2,0,0,0
"7600110000000002080210",0,0,0,0,0,0,0,0,1,0,1,2,0,0,0
"7600110000000002080116",0,0,0,1,0,0,0,0,1,0,0,0,0,0,0
"7600110000000019390105",5,7,4,7,3,6,7,7,3,7,7,7,9,8,7
"7600110000000002110303",2,2,3,0,3,2,2,1,1,4,2,6,4,7,5
"7600110000000002100108",1,1,0,1,0,0,0,1,2,1,1,1,0,0,0
"7600110000000002120315",1,0,1,0,1,0,0,0,0,0,0,1,0,2,1
"7600110000000019090114",5,5,9,11,11,8,10,7,8,11,8,8,8,10,6
"7600110000000002120307",0,1,0,0,2,0,1,2,1,1,0,0,0,0,2
"7600110000000017210134",0,1,0,1,1,1,1,0,0,1,3,1,0,0,0
"7600110000000002120117",1,0,2,1,1,2,2,2,1,1,0,1,3,1,1
"7600110000000015080131",0,1,0,1,0,1,1,1,0,0,0,0,1,2,1
"7600110000000019020109",0,0,0,1,1,1,1,1,0,2,0,1,3,0,1
"7600110000000002120516",0,0,0,0,3,0,1,2,0,0,2,0,0,0,0
"7600110000000002120310",0,0,1,0,0,0,2,0,0,1,0,0,0,0,0
"7600110000000019060106",1,1,0,0,2,1,0,2,1,1,1,1,2,0,0
"7600110000000002140103",1,0,0,1,0,1,3,4,0,3,2,3,2,1,3
"7600110000000017230105",3,4,5,4,1,1,7,6,3,10,0,1,0,2,5
"7600110000000019030106",0,2,2,1,1,2,0,0,0,0,0,1,0,1,0
"7600110000000002040106",2,5,4,2,5,2,4,3,1,6,6,3,5,3,5
"7600110000000002050106",2,4,1,3,0,1,3,4,3,3,3,2,2,6,2
"7600110000000019350104",1,3,0,1,2,1,5,5,0,1,1,1,0,1,3
"7600110000000015080111",0,3,0,0,0,0,1,1,0,1,1,0,2,1,2
"7600110000000017130129",1,0,0,2,0,1,2,0,0,1,0,0,0,1,1
"7600110000000017090326",5,3,4,2,3,1,2,2,6,2,3,2,2,2,0
"7600110000000002060224",1,0,1,2,1,0,0,1,1,1,0,1,3,0,2
"7600110000000017070109",0,1,0,1,0,0,0,0,1,0,0,1,0,1,1
"7600110000000017150306",2,3,3,1,0,0,0,0,1,2,0,4,0,0,0
"7600110000000017360253",0,3,5,3,2,3,4,4,3,4,3,4,6,3,2
"7600110000000019230212",0,2,1,1,0,1,1,1,0,4,1,1,0,2,1
"7600110000000017360524",9,9,9,4,6,6,4,4,9,11,7,2,11,6,9
"7600110000000017360221",1,1,0,0,0,0,1,1,2,1,1,1,0,1,1
"7600110000000017330127",3,2,4,2,0,4,5,1,3,3,1,2,2,1,0
"7600110000000010020111",0,0,0,0,0,0,0,0,0,0,0,0,2,1,1
"7600110000000019230207",1,2,0,2,1,1,2,2,1,1,0,1,0,0,3
"7600110000000010020203",0,2,1,0,1,2,0,0,0,0,0,0,2,0,0
"7600110000000019210107",0,0,0,1,1,1,1,1,0,0,1,1,0,1,1
"7600110000000017360525",9,6,5,9,7,5,5,4,2,9,6,9,8,3,8
"7600110000000019250314",1,0,1,0,0,0,2,1,1,3,0,1,1,1,1
"7600110000000019310113",0,1,0,1,1,0,1,0,1,0,0,0,0,0,2
"7600110000000019370109",2,2,1,0,0,0,1,1,1,1,4,1,0,0,0
"7600110000000017160810",2,0,4,2,0,2,0,2,2,6,0,2,2,5,0
"7600110000000015080228",1,0,3,3,0,0,1,1,0,0,1,1,0,0,3
"7600110000000017360543",0,1,0,1,0,2,0,0,3,0,0,1,1,2,2
"7600110000000017160948",3,3,0,0,2,1,0,1,1,2,0,2,0,2,6
"7600110000000017160720",6,5,10,7,7,9,13,6,11,4,4,12,9,11,8
"7600110000000017160953",3,1,4,2,2,8,1,2,3,8,6,0,3,2,4
"7600110000000017160945",0,1,2,2,0,0,0,2,1,0,0,1,0,1,0
"7600110000000017060111",1,0,1,0,0,1,0,1,0,1,1,0,0,2,2
"7600110000000017360262",0,0,0,0,0,0,0,0,0,0,0,0,0,0,3
"7600110000000002170216",0,1,0,0,0,0,0,0,0,1,0,0,1,3,0
"7600110000000017020127",0,0,0,2,1,0,1,1,6,3,1,3,3,1,2
"7600110000000017330142",7,1,4,2,3,2,8,4,4,7,1,6,4,4,4
"7600110000000017160505",0,0,0,2,2,3,0,0,0,1,0,0,0,0,2
"7600110000000002120110",1,3,2,5,4,3,5,3,1,4,8,5,4,2,1
"7600110000000015080219",3,3,1,3,2,3,2,1,5,3,1,1,2,0,1
"7600110000000017330130",7,9,9,1,6,6,4,7,2,10,4,7,6,4,5
"7600110000000010030209",2,2,0,4,3,2,3,3,3,2,2,8,5,6,3
"7600110000000017250403",0,1,0,0,2,1,0,0,0,0,1,0,0,0,1
"7600110000000002220411",0,0,3,3,2,2,2,1,1,0,1,2,1,2,1
"7600110000000002110411",0,2,0,2,0,1,1,2,0,0,1,0,0,0,0
"7600110000000017090104",1,3,2,2,1,1,2,1,5,3,2,3,3,3,2
"7600110000000017030149",0,2,2,0,1,0,2,2,0,3,6,1,6,3,3
"7600110000000015080142",0,0,1,1,2,2,3,2,1,0,3,0,0,3,0
"7600110000000017210203",0,1,0,0,1,0,0,0,0,0,1,1,0,0,0
"7600110000000019030101",4,6,2,6,3,5,3,7,4,9,4,10,10,4,10
"7600110000000019020108",2,7,5,6,6,3,7,3,8,1,3,4,6,7,3
"7600110000000019360114",0,0,0,2,0,1,2,0,0,1,0,1,0,1,1
"7600110000000019250308",1,5,2,0,3,3,2,5,7,3,2,2,2,1,1
"7600110000000002120202",0,0,1,0,0,0,1,0,1,0,0,0,0,3,1
"7600110000000002120112",1,0,0,0,0,0,0,0,5,0,1,0,0,2,0
"7600110000000017170122",1,6,3,5,1,1,1,0,4,0,3,1,1,5,1
"7600110000000017030206",0,0,0,0,0,0,1,0,0,0,0,1,0,1,0
"7600110000000017310108",3,2,0,0,1,1,0,1,2,2,2,0,0,0,0
"7600110000000017150405",2,3,0,0,1,0,3,1,0,0,3,2,0,4,1
"7600110000000017150304",0,2,1,3,3,2,3,1,0,1,1,3,1,2,2
"7600110000000017360264",1,0,1,0,0,0,1,0,1,1,1,1,0,2,1
"7600110000000017360424",2,2,1,3,2,0,0,0,2,2,3,0,1,1,0
"7600110000000017360271",5,9,4,4,4,7,2,5,2,4,6,3,0,5,5
"7600110000000017360402",0,0,0,0,0,0,1,2,2,1,0,0,1,3,2
"7600110000000017210116",0,1,0,0,3,0,0,1,0,0,1,2,1,1,3
"7600110000000020140107",1,0,1,0,0,1,0,0,0,0,1,0,0,0,0
"7600110000000017130114",0,0,1,2,3,1,2,2,2,4,2,3,2,3,2
"7600110000000002120115",0,1,1,0,0,0,1,0,1,0,0,1,1,2,0
"7600110000000017330156",4,2,3,2,7,8,6,7,3,4,3,4,3,5,4
"7600110000000002080209",1,0,0,1,1,0,0,1,1,1,0,0,0,0,0
"7600110000000017160855",3,3,4,2,1,4,2,1,4,7,0,3,2,3,0
"7600110000000017360557",7,17,14,12,15,8,15,9,14,15,7,4,8,8,10
"7600110000000017150506",0,0,1,1,0,1,0,1,0,0,0,1,0,0,0
"7600110000000017080306",1,5,3,4,1,6,9,4,1,5,5,4,4,9,2
"7600110000000002020112",1,1,1,1,1,1,2,1,1,1,2,1,3,1,2
"7600110000000019350202",0,1,1,2,0,2,0,3,1,0,2,0,3,0,2
"7600110000000017150521",1,2,0,0,0,1,0,2,0,0,0,0,1,0,1
"7600110000000002190112",8,10,5,14,4,12,14,6,10,14,8,10,11,7,7
"7600110000000015080214",1,0,1,0,0,4,0,0,1,2,4,1,2,2,2
"7600110000000019290116",0,0,0,1,0,1,1,0,1,0,1,0,0,0,3
"7600110000000019360205",0,0,1,1,0,2,1,0,0,0,0,2,0,0,0
"7600110000000010060111",1,4,1,3,2,0,1,1,1,1,2,1,5,6,1
"7600110000000019310111",0,0,0,0,0,1,2,4,0,1,1,2,0,1,1
"7600110000000017160716",2,4,2,4,2,3,6,7,6,4,3,4,8,6,7
"7600110000000019380105",0,1,0,0,0,0,0,2,1,0,2,0,0,0,2
"7600110000000017160515",2,2,1,0,1,3,1,1,2,0,0,1,1,1,2
"7600110000000017300208",3,0,4,3,2,2,3,1,1,2,1,2,2,2,3
"7600110000000017160717",2,3,1,2,2,4,1,5,4,3,1,5,4,5,5
"7600110000000002170110",1,0,1,0,0,1,1,2,0,1,0,3,2,3,1
"7600110000000017160944",5,5,3,3,7,8,8,10,7,1,3,1,8,7,6
"7600110000000019250101",0,0,1,0,0,0,0,0,0,0,2,0,1,1,0
"7600110000000002220101",2,4,6,2,7,6,4,8,7,5,5,6,5,6,6
"7600110000000017040407",1,0,1,2,1,1,1,1,2,2,4,0,1,1,5
"7600110000000015080129",1,0,0,0,0,2,2,2,1,2,1,0,1,0,2
"7600110000000015080306",2,1,0,3,1,0,1,1,0,3,1,1,2,2,0
"7600110000000019260119",0,0,0,1,0,0,0,0,0,1,0,0,0,0,2
"7600110000000019370210",0,0,0,0,0,0,0,0,1,0,3,0,0,0,1
"7600110000000017160513",0,0,0,0,1,0,2,0,1,0,2,0,0,1,5
"7600110000000017020128",0,1,1,0,3,0,2,3,1,3,2,0,2,2,0
"7600110000000017030155",2,0,1,1,1,0,1,1,4,2,3,3,2,2,6
"7600110000000017160701",4,7,8,11,12,10,7,6,8,6,5,6,8,8,8
"7600110000000017360270",5,5,1,7,3,0,5,5,4,4,2,1,3,3,2
"7600110000000017060113",2,6,1,3,1,1,2,1,2,1,1,2,0,0,0
"7600110000000010010101",1,2,1,1,4,3,0,2,1,1,3,2,1,2,3
"7600110000000017360533",15,17,15,13,15,18,11,9,6,5,10,14,12,10,15
"7600110000000017360236",2,2,0,1,1,0,1,1,0,2,0,0,1,0,0
"7600110000000010030113",0,1,2,1,0,2,1,0,2,2,1,2,2,2,2
"7600110000000017130134",2,5,1,1,3,4,2,3,3,1,3,5,2,6,4
"7600110000000015080301",1,0,0,3,0,0,0,0,2,1,1,4,2,2,0
"7600110000000017030307",0,0,0,0,2,0,1,0,0,0,0,0,0,0,0
"7600110000000017190120",1,1,1,1,1,0,1,1,0,0,0,1,0,1,0
"7600110000000017210409",0,1,1,1,0,1,1,0,1,0,0,0,0,3,1
"7600110000000020130214",0,2,1,0,1,1,1,3,0,2,1,0,1,4,1
"7600110000000017160950",6,10,8,8,9,11,9,6,5,10,11,5,4,6,3
"7600110000000017360548",12,11,15,10,11,14,11,13,13,9,10,7,7,12,9
"7600110000000019020119",0,0,0,1,1,0,2,1,3,0,2,0,2,0,2
"7600110000000017360417",1,0,1,0,2,0,0,3,0,0,2,0,4,1,1
"7600110000000019310106",1,1,1,1,1,0,3,1,3,0,2,1,1,2,3
"7600110000000017340218",1,0,1,0,1,0,2,0,1,1,2,1,4,1,0
"7600110000000002050109",0,0,0,0,0,0,1,0,0,0,0,0,1,0,0
"7600110000000002110217",1,0,0,1,1,0,0,0,0,0,0,1,1,0,1
"7600110000000002110102",2,7,4,1,1,0,3,2,4,3,2,2,2,2,3
"7600110000000017160943",3,3,4,5,6,8,2,3,2,0,7,2,2,5,3
"7600110000000017150514",2,0,0,0,1,1,0,1,0,1,0,0,0,0,3
"7600110000000017040405",0,0,0,0,0,0,1,1,0,0,2,2,2,0,0
"7600110000000017360502",0,3,4,4,6,3,4,4,4,7,7,6,4,8,1
"7600110000000017040303",3,3,0,0,2,0,1,2,1,4,1,4,5,0,5
"7600110000000017300110",0,0,1,3,1,1,0,0,0,4,0,0,2,1,2
"7600110000000017190118",0,0,0,1,0,0,1,0,0,1,0,4,0,0,1
"7600110000000002090207",1,0,1,0,0,0,0,1,1,0,0,0,0,2,0
"7600110000000002130402",2,1,2,1,2,1,0,1,1,2,0,1,3,2,1
"7600110000000017160853",0,0,3,0,3,0,1,4,1,4,1,1,2,1,1
"7600110000000017360265",10,8,5,6,5,5,4,7,7,3,6,6,5,5,1
"7600110000000019290120",4,9,10,4,9,5,8,5,1,2,7,5,7,6,10
"7600110000000017160956",10,9,2,5,5,2,4,6,2,0,3,6,3,5,3
"7600110000000002030141",2,2,0,1,2,0,4,4,1,0,2,1,4,2,3
"7600110000000002040207",0,0,0,0,0,2,1,0,0,0,1,1,1,0,2
"7600110000000002120302",0,1,0,0,0,0,0,1,1,0,0,0,1,0,0
"7600110000000004090118",1,0,0,0,3,1,0,0,0,0,0,1,0,2,0
"7600110000000002110313",0,1,0,1,0,0,0,2,0,1,2,0,0,0,1
"7600110000000002110307",0,0,0,0,0,1,0,0,0,1,2,0,2,1,1
"7600110000000002100106",1,1,1,0,0,1,0,0,1,0,0,0,0,0,0
"7600110000000017300207",0,1,0,1,0,1,0,0,0,1,1,0,0,3,0
"7600110000000002100102",1,2,6,3,4,6,3,5,8,2,6,4,2,5,3
"7600110000000019250104",1,2,1,3,1,5,1,3,1,1,0,3,0,0,2
"7600110000000002110404",0,1,1,1,0,0,1,0,2,0,0,1,1,0,2
"7600110000000002180107",1,8,1,4,2,3,4,2,1,1,4,2,1,3,4
"7600110000000002110107",6,5,11,7,2,8,6,10,5,8,5,8,7,4,4
"7600110000000015080234",0,0,0,0,2,0,0,0,2,1,0,3,2,0,2
"7600110000000017150407",1,1,0,2,0,0,1,1,0,2,1,0,0,1,0
"7600110000000004210118",11,7,10,3,5,9,9,8,12,13,9,13,15,11,12
"7600110000000002220308",0,0,0,0,1,0,0,0,1,0,1,1,1,1,2
"7600110000000002220303",0,1,1,1,1,2,1,0,0,2,2,0,1,0,0
"7600110000000002220302",2,0,0,1,3,0,0,0,2,3,0,1,0,0,1
"7600110000000002210117",3,1,1,1,1,2,0,1,4,3,3,0,1,0,2
"7600110000000017030156",2,1,0,1,0,0,3,0,0,0,0,0,0,0,1
"7600110000000002190104",15,17,14,16,11,6,7,13,14,15,13,10,9,10,6
"7600110000000002200307",0,2,0,2,1,0,1,2,1,0,1,3,3,0,2
"7600110000000002220304",0,0,1,0,1,2,3,0,3,0,2,0,3,1,1
"7600110000000015080322",0,0,1,2,0,1,1,0,0,0,2,1,1,3,2
"7600110000000015080310",1,0,2,1,2,0,1,1,0,1,0,2,0,1,0
"7600110000000002220208",1,0,1,0,0,0,0,2,0,2,0,2,3,0,0
"7600110000000019270102",1,0,1,0,0,0,0,3,1,2,0,0,3,0,1
"7600110000000017150416",0,1,0,1,0,0,0,0,2,0,1,0,1,0,0
"7600110000000019350108",4,1,2,2,3,0,1,0,0,0,4,4,2,2,1
"7600110000000017360401",0,2,1,0,0,1,4,1,1,0,0,1,1,3,2
"7600110000000015080316",1,0,0,0,0,1,1,0,1,0,0,2,1,1,1
"7600110000000015080205",3,0,1,0,1,0,1,4,6,3,0,1,0,0,0
"7600110000000002200123",2,1,1,0,1,0,1,0,1,0,0,2,0,1,1
"7600110000000017160703",0,0,2,0,1,1,0,0,1,1,1,0,1,0,2
"7600110000000017360509",0,1,0,0,0,1,0,0,0,0,0,1,1,3,0
"7600110000000017210104",1,1,0,1,0,1,0,0,0,1,2,0,0,0,2
"7600110000000017090229",3,1,6,4,7,1,9,1,11,5,3,4,8,4,6
"7600110000000017190106",0,2,1,1,3,0,3,0,0,0,0,1,2,3,2
"7600110000000017360527",3,2,9,1,0,2,0,7,3,3,3,6,3,5,3
"7600110000000017320114",0,0,1,0,0,1,0,0,0,0,0,0,0,0,0
"7600110000000017260126",0,2,2,4,2,6,6,3,8,3,5,4,8,1,8
"7600110000000019030103",0,1,1,0,1,0,0,1,1,0,0,3,0,2,0
"7600110000000017160707",3,0,2,0,1,0,1,0,0,0,1,1,0,1,2
"7600110000000019270101",2,0,0,0,0,0,0,0,0,0,1,0,2,0,2
"7600110000000002010202",0,1,0,0,1,1,0,0,0,0,1,0,1,0,0
"7600110000000002120213",0,1,0,0,1,0,0,1,0,0,2,0,4,0,1
"7600110000000017090325",6,7,3,7,7,7,6,6,5,3,7,5,3,5,7
"7600110000000002020105",2,2,1,3,2,1,1,1,3,1,2,1,4,2,5
"7600110000000002110202",1,0,0,1,0,1,0,0,1,0,1,0,1,0,0
"7600110000000019320205",1,1,2,1,1,0,0,0,1,0,1,0,1,1,0
"7600110000000002010233",3,6,1,2,1,4,0,2,3,4,3,1,1,1,2
"7600110000000019310201",12,11,19,11,14,11,12,16,15,6,10,6,7,5,4
"7600110000000017210208",0,1,1,1,0,0,0,0,0,0,1,3,0,0,0
"7600110000000017360124",1,0,0,2,0,1,0,0,1,0,0,1,1,1,1
"7600110000000017360511",11,6,6,4,10,8,8,5,9,7,10,7,8,10,5
"7600110000000019390111",0,3,0,0,1,2,5,0,3,2,2,4,4,5,5
"7600110000000019040106",2,0,0,1,1,0,0,2,1,0,0,1,0,3,0
"7600110000000002220111",4,4,4,1,5,6,6,4,7,5,4,4,8,4,1
"7600110000000002170102",1,0,1,0,0,0,0,0,0,0,0,0,0,0,0
"7600110000000002220217",2,1,0,2,0,2,0,0,0,0,1,1,1,1,1
"7600110000000002010229",3,2,3,6,1,3,2,1,0,3,0,1,2,1,3
"7600110000000002050107",2,1,0,0,0,1,1,1,0,0,0,0,2,1,1
"7600110000000017360537",5,1,2,7,6,1,2,2,1,1,4,2,2,3,0
"7600110000000019010311",4,7,1,3,5,2,2,5,1,8,3,4,5,8,5
"7600110000000002130108",0,0,2,0,1,0,1,0,0,0,2,1,0,1,0
"7600110000000002220318",0,2,0,1,1,3,2,0,0,2,0,0,3,2,1
"7600110000000010010218",1,5,1,0,0,0,0,2,1,1,2,6,0,3,3
"7600110000000002170217",0,1,0,0,0,2,2,0,0,0,2,0,0,0,0
"7600110000000002150109",0,1,1,0,0,3,0,0,1,0,1,2,0,0,1
"7600110000000002200106",0,1,1,0,0,3,1,1,1,0,2,0,3,2,2
"7600110000000002110206",1,1,1,1,0,1,0,0,1,1,0,1,0,1,1
"7600110000000002190108",5,5,5,5,7,4,8,7,6,3,8,7,4,2,3
"7600110000000017360416",0,0,0,1,2,1,0,3,1,1,2,2,1,0,1
"7600110000000017160734",9,8,0,7,4,5,9,7,5,4,5,5,6,4,7
"7600110000000017340216",2,2,7,5,6,4,7,3,3,8,6,10,8,8,6
"7600110000000002120508",0,1,2,0,0,2,0,0,1,0,3,1,0,0,0
"7600110000000017360517",0,2,1,1,0,1,3,2,0,0,0,0,0,5,3
"7600110000000017250205",0,1,1,1,1,1,0,0,0,1,0,0,0,0,1
"7600110000000002080305",0,0,0,0,0,1,0,0,0,0,1,1,0,0,0
"7600110000000002190101",18,18,25,19,20,14,13,12,19,12,10,8,8,15,10
"7600110000000002190111",9,13,13,22,17,19,16,7,17,22,14,26,22,16,16
"7600110000000017150214",2,0,0,2,2,4,1,0,1,0,1,3,1,2,2
"7600110000000002200101",1,0,1,0,2,0,0,1,1,1,2,2,5,3,1
"7600110000000017220109",0,0,1,1,0,0,0,1,1,0,0,1,1,0,0
"7600110000000002200105",6,1,4,5,1,3,2,3,8,5,5,4,4,4,5
"7600110000000017170103",3,0,3,4,1,2,2,2,3,3,3,3,2,2,2
"7600110000000010060104",1,2,1,1,2,1,0,3,1,1,0,1,3,1,3
"7600110000000015080220",0,0,0,0,0,0,1,2,1,0,1,0,1,2,2
"7600110000000017310111",0,1,0,2,0,0,0,1,3,1,1,1,1,3,1
"7600110000000017210301",0,1,1,3,1,0,1,0,0,0,0,2,2,2,2
"7600110000000002080313",0,1,0,0,0,0,1,0,0,0,0,1,0,0,1
"7600110000000017340111",0,1,1,2,2,1,0,3,1,1,2,1,1,2,0
"7600110000000017210111",0,0,0,3,1,0,0,0,0,1,0,0,0,1,0
"7600110000000015080207",3,0,0,1,0,0,0,0,1,1,0,0,0,0,2
"7600110000000017360121",2,3,4,3,0,2,2,6,3,5,6,8,6,5,7
"7600110000000002090218",0,0,0,0,0,0,0,0,0,1,1,0,0,0,0
"7600110000000002170219",0,0,1,0,0,0,0,1,0,0,0,0,0,0,0
"7600110000000002210223",0,1,0,0,1,1,0,0,1,1,0,1,0,0,0
"7600110000000002040209",6,3,7,5,1,10,6,1,6,4,5,5,4,4,6
"7600110000000019030201",1,3,7,8,3,5,8,5,8,3,6,4,12,7,6
"7600110000000002120104",0,0,1,0,1,0,0,0,2,1,1,0,0,1,0
"7600110000000017160737",3,3,1,4,5,3,5,4,2,2,4,1,2,1,4
"7600110000000002080109",0,0,0,1,1,0,0,0,0,0,0,1,0,0,0
"7600110000000002150102",2,1,0,3,1,0,1,1,2,1,2,0,0,0,7
"7600110000000017260108",2,1,2,2,2,1,1,2,3,0,2,2,0,1,1
"7600110000000019010218",1,0,1,1,1,0,1,1,0,2,0,0,1,0,1
"7600110000000019360116",0,1,0,1,2,3,2,1,2,1,0,3,1,1,2
"7600110000000002220317",0,1,0,2,0,3,2,0,2,3,0,0,0,1,1
"7600110000000002220315",0,0,1,1,3,1,0,0,3,6,0,2,0,2,1
"7600110000000015080235",0,1,0,1,2,2,0,1,1,1,0,1,0,1,0
"7600110000000002090406",1,0,1,2,0,1,0,2,0,0,1,1,0,1,1
"7600110000000019010213",0,0,0,1,0,1,0,1,2,1,0,2,1,4,1
"7600110000000002110114",2,3,4,3,3,1,2,2,2,1,2,2,1,0,2
"7600110000000002110112",1,0,0,0,4,1,0,0,1,0,0,0,1,0,0
"7600110000000002030123",2,2,2,1,3,4,0,4,3,3,0,3,3,1,1
"7600110000000002020109",1,0,1,0,2,0,0,0,1,0,0,2,1,3,1
"7600110000000002010203",0,3,3,1,2,1,1,0,2,1,1,0,0,1,1
"7600110000000002010205",14,12,9,17,7,10,5,10,7,9,7,4,6,7,4
"7600110000000002040124",1,3,0,0,2,3,1,4,3,0,0,3,3,2,2
"7600110000000017150110",0,0,0,0,1,1,1,1,3,2,2,0,2,3,1
"7600110000000015080212",1,1,0,0,0,1,0,1,0,0,1,0,1,1,2
"7600110000000015080325",2,2,2,1,1,0,0,0,1,0,0,1,0,2,1
"7600110000000002110314",0,1,0,0,0,1,0,0,0,0,0,1,1,0,3
"7600110000000015080218",3,1,0,3,1,1,1,1,2,2,2,0,2,2,1
"7600110000000017160964",5,3,3,4,3,4,8,5,3,3,4,2,0,2,1
"7600110000000017070106",5,7,10,4,9,7,6,8,11,8,11,5,7,9,6
"7600110000000002210215",2,0,0,0,0,0,2,0,0,0,0,0,0,0,0
"7600110000000017360258",14,19,7,9,6,9,15,9,6,14,7,5,12,3,10
"7600110000000017170129",4,4,3,5,2,3,2,3,7,4,6,3,6,6,2
"7600110000000017160808",1,2,0,1,0,1,1,0,1,1,0,1,2,0,1
"7600110000000019370213",1,0,0,2,0,0,0,0,1,0,1,0,0,0,0
"7600110000000017040109",0,0,4,4,1,4,3,2,5,1,5,4,3,1,3
"7600110000000017160849",0,1,2,2,0,0,1,0,1,1,0,1,1,1,2
"7600110000000019330204",1,0,0,1,0,1,1,0,0,1,1,0,1,0,2
"7600110000000017300213",2,4,2,4,4,8,7,3,2,5,4,4,4,2,7
"7600110000000017250110",1,0,1,0,0,0,0,0,1,1,1,0,0,1,0
"7600110000000002210214",0,0,1,0,0,0,2,0,2,0,0,0,1,1,0
"7600110000000002110214",1,0,1,0,1,0,0,1,0,1,1,1,1,1,0
"7600110000000019330115",0,1,1,0,0,0,0,1,1,0,0,2,0,0,0
"7600110000000017360243",0,9,4,0,4,7,5,7,0,3,3,4,5,3,5
"7600110000000017140118",11,7,6,4,3,7,9,3,8,6,11,1,8,5,5
"7600110000000019380118",0,1,0,2,1,2,0,1,0,2,0,3,0,0,0
"7600110000000015080146",0,0,1,0,1,0,0,0,0,1,1,1,0,1,1
"7600110000000017250416",0,0,0,0,0,0,0,0,1,0,0,1,1,0,0
"7600110000000019260105",1,0,1,2,0,1,0,1,2,2,0,1,0,0,0
"7600110000000002120405",0,0,1,0,0,0,0,3,0,2,2,0,1,0,2
"7600110000000015080232",1,0,2,0,2,1,0,1,1,0,0,2,2,0,1
"7600110000000015080231",1,1,0,1,0,0,2,1,0,0,2,0,3,0,3
"7600110000000015080230",1,0,2,1,0,0,0,0,2,0,2,1,5,2,0
"7600110000000017160507",1,1,0,0,0,0,0,0,0,1,1,0,2,1,1
"7600110000000017160949",0,1,0,0,0,0,1,0,0,0,1,0,0,0,0
"7600110000000019310112",0,1,0,1,0,0,0,1,0,1,0,1,0,1,0
"7600110000000017360254",4,4,5,9,3,11,15,18,6,6,12,10,9,12,8
"7600110000000017220104",0,1,0,0,2,0,0,1,0,1,0,1,0,0,3
"7600110000000015080244",2,2,3,0,1,1,1,4,2,0,2,2,0,2,1
"7600110000000010060105",1,3,3,0,4,1,1,2,1,0,2,3,5,2,2
"7600110000000017160941",2,3,3,4,2,10,8,8,6,5,3,5,2,5,5
"7600110000000017260103",0,0,0,2,1,1,2,1,5,1,0,0,0,3,1
"7600110000000015080206",4,2,4,5,7,4,4,11,5,7,9,4,5,2,3
"7600110000000017360321",1,1,0,1,1,0,0,0,0,1,0,0,1,0,0
"7600110000000002220413",0,0,0,1,0,1,0,0,1,0,4,0,2,1,1
"7600110000000010010116",0,0,1,2,1,1,3,2,3,3,3,4,4,4,1
"7600110000000017360252",0,0,1,0,1,0,0,1,0,0,2,0,0,2,2
"7600110000000015080216",0,1,1,3,1,0,2,1,2,0,0,3,0,2,4
"7600110000000019310212",0,0,1,1,2,2,3,1,0,2,0,4,2,0,1
"7600110000000017160503",0,2,1,0,0,1,0,1,0,1,0,0,3,1,0
"7600110000000015080130",2,1,2,1,0,0,1,0,2,0,3,2,1,1,0
"7600110000000017160961",1,3,0,1,3,2,0,0,3,1,1,0,1,1,1
"7600110000000019160107",5,2,4,1,2,4,1,3,0,7,3,5,0,5,2
"7600110000000019320212",1,0,0,1,0,1,2,0,0,0,0,0,0,2,0
"7600110000000017250402",0,0,0,1,0,0,0,1,0,0,0,0,0,0,0
"7600110000000002200220",3,1,7,3,2,1,3,2,3,1,1,4,5,3,2
"7600110000000017340217",2,1,5,2,3,4,1,5,0,6,0,3,1,3,1
"7600110000000017360515",4,7,4,7,3,7,5,6,4,5,4,7,4,4,8
"7600110000000017020120",0,0,0,0,0,0,0,2,0,0,0,2,2,0,0
"7600110000000010010103",2,1,0,0,1,0,2,0,2,1,2,1,0,0,0
"7600110000000017150223",0,0,1,0,0,1,1,1,1,0,1,3,0,0,0
"7600110000000010010118",5,4,1,4,4,3,7,1,2,5,2,6,2,3,6
"7600110000000017150312",1,0,0,1,1,2,1,1,2,0,1,0,2,0,0
"7600110000000010020113",0,1,3,2,2,1,0,0,3,2,3,1,3,3,1
"7600110000000017360545",10,9,6,6,10,6,5,5,5,3,5,5,2,8,2
"7600110000000017150114",1,0,0,0,1,0,0,2,0,0,1,0,2,1,0
"7600110000000019260202",0,0,0,0,0,0,1,0,0,1,1,0,0,1,0
"7600110000000017020109",0,0,1,0,0,1,2,0,2,0,0,0,0,1,2
"7600110000000019010111",0,0,0,0,2,3,0,0,0,0,1,0,1,1,0
"7600110000000010060108",1,6,1,1,4,0,3,1,3,4,3,3,2,4,6
"7600110000000017090328",4,5,2,1,3,5,1,2,3,3,5,2,2,3,1
"7600110000000019140111",0,0,0,1,0,2,1,2,0,1,0,2,1,1,3
"7600110000000017250210",0,0,1,0,0,0,1,1,1,1,1,0,0,2,1
"7600110000000017030140",0,0,0,0,0,1,2,2,5,1,0,3,1,2,1
"7600110000000017150212",0,3,1,0,1,0,1,0,0,0,1,0,3,0,1
"7600110000000015080239",2,1,2,2,3,1,2,0,0,2,1,0,0,1,1
"7600110000000017150105",0,0,0,1,0,1,1,1,1,0,0,2,0,0,0
"7600110000000015080224",1,2,2,3,3,0,0,2,2,1,1,3,1,0,1
"7600110000000017150501",0,0,3,0,1,0,0,0,1,1,1,0,0,3,3
"7600110000000019030107",1,0,0,2,1,1,0,0,0,1,2,2,1,2,2
"7600110000000017110104",3,4,8,6,4,4,9,5,5,9,4,6,11,4,6
"7600110000000017330150",5,3,0,3,5,6,9,6,3,5,5,1,3,3,2
"7600110000000017360235",1,1,2,1,1,2,0,1,0,0,1,2,1,1,0
"7600110000000017160852",1,0,0,1,2,0,0,2,2,2,0,0,0,3,1
"7600110000000017150308",2,0,0,1,1,1,1,1,0,1,0,1,0,0,0
"7600110000000017330126",0,6,3,0,3,5,4,3,5,6,3,5,7,3,3
"7600110000000002210101",0,0,0,1,0,2,3,0,0,1,1,0,0,2,1
"7600110000000017330135",5,2,4,8,0,3,4,6,4,5,9,6,3,7,2
"7600110000000002220406",0,0,1,1,0,1,1,0,5,0,1,2,0,1,0
"7600110000000017160512",0,0,1,1,1,1,4,0,3,0,0,2,2,0,1
"7600110000000017160930",1,1,0,1,1,0,0,0,1,0,2,0,0,1,0
"7600110000000017360418",0,0,0,0,0,2,0,0,0,0,0,0,1,0,1
"7600110000000010010208",1,3,1,2,1,2,1,0,0,1,0,0,1,2,4
"7600110000000017130138",0,0,3,2,5,1,2,1,0,1,3,0,2,2,4
"7600110000000019200104",0,0,0,2,0,1,1,0,0,1,0,2,0,0,3
"7600110000000002110216",0,0,0,0,1,1,1,1,0,1,1,0,0,1,1
"7600110000000017260127",1,1,0,0,2,2,3,1,3,2,1,1,1,1,2
"7600110000000002110405",0,0,1,1,1,0,1,0,1,1,0,0,0,0,1
"7600110000000017330217",5,1,2,1,2,7,5,6,6,1,1,3,5,2,1
"7600110000000017310104",1,1,3,2,0,2,2,0,3,1,2,2,0,1,1
